Using pre-set license
Built from '2022.3/staging' branch; Version is '2022.3.56f1 (dd0c98481d00) revision 14486680'; Using compiler version '192829333'; Build Type 'Release'
OS: 'Windows 10  (10.0.19045) 64bit Core' Language: 'en' Physical Memory: 16334 MB
BatchMode: 1, IsHumanControllingUs: 0, StartBugReporterOnCrash: 0, Is64bit: 1, IsPro: 1

COMMAND LINE ARGUMENTS:
C:\Program Files\Unity\Hub\Editor\2022.3.56f1\Editor\Unity.exe
-adb2
-batchMode
-noUpm
-name
AssetImportWorker0
-projectPath
C:/Users/plati/Midterm Game demo/Midterm
-logFile
Logs/AssetImportWorker0.log
-srvPort
60112
Successfully changed project path to: C:/Users/plati/Midterm Game demo/Midterm
C:/Users/plati/Midterm Game demo/Midterm
[UnityMemory] Configuration Parameters - Can be set up in boot.config
    "memorysetup-bucket-allocator-granularity=16"
    "memorysetup-bucket-allocator-bucket-count=8"
    "memorysetup-bucket-allocator-block-size=33554432"
    "memorysetup-bucket-allocator-block-count=8"
    "memorysetup-main-allocator-block-size=16777216"
    "memorysetup-thread-allocator-block-size=16777216"
    "memorysetup-gfx-main-allocator-block-size=16777216"
    "memorysetup-gfx-thread-allocator-block-size=16777216"
    "memorysetup-cache-allocator-block-size=4194304"
    "memorysetup-typetree-allocator-block-size=2097152"
    "memorysetup-profiler-bucket-allocator-granularity=16"
    "memorysetup-profiler-bucket-allocator-bucket-count=8"
    "memorysetup-profiler-bucket-allocator-block-size=33554432"
    "memorysetup-profiler-bucket-allocator-block-count=8"
    "memorysetup-profiler-allocator-block-size=16777216"
    "memorysetup-profiler-editor-allocator-block-size=1048576"
    "memorysetup-temp-allocator-size-main=16777216"
    "memorysetup-job-temp-allocator-block-size=2097152"
    "memorysetup-job-temp-allocator-block-size-background=1048576"
    "memorysetup-job-temp-allocator-reduction-small-platforms=262144"
    "memorysetup-allocator-temp-initial-block-size-main=262144"
    "memorysetup-allocator-temp-initial-block-size-worker=262144"
    "memorysetup-temp-allocator-size-background-worker=32768"
    "memorysetup-temp-allocator-size-job-worker=262144"
    "memorysetup-temp-allocator-size-preload-manager=33554432"
    "memorysetup-temp-allocator-size-nav-mesh-worker=65536"
    "memorysetup-temp-allocator-size-audio-worker=65536"
    "memorysetup-temp-allocator-size-cloud-worker=32768"
    "memorysetup-temp-allocator-size-gi-baking-worker=262144"
    "memorysetup-temp-allocator-size-gfx=262144"
Player connection [22856]  Target information:

Player connection [22856]  * "[IP] 192.168.1.156 [Port] 0 [Flags] 2 [Guid] 2676683056 [EditorId] 2676683056 [Version] 1048832 [Id] WindowsEditor(7,DESKTOP-F68NKO1) [Debug] 1 [PackageName] WindowsEditor [ProjectName] Editor" 

Player connection [22856] Host joined multi-casting on [225.0.0.222:54997]...
Player connection [22856] Host joined alternative multi-casting on [225.0.0.222:34997]...
Input System module state changed to: Initialized.
[PhysX] Initialized MultithreadedTaskDispatcher with 12 workers.
Refreshing native plugins compatible for Editor in 11.01 ms, found 3 plugins.
Preloading 0 native plugins for Editor in 0.00 ms.
Initialize engine version: 2022.3.56f1 (dd0c98481d00)
[Subsystems] Discovering subsystems at path C:/Program Files/Unity/Hub/Editor/2022.3.56f1/Editor/Data/Resources/UnitySubsystems
[Subsystems] Discovering subsystems at path C:/Users/plati/Midterm Game demo/Midterm/Assets
GfxDevice: creating device client; threaded=0; jobified=0
Direct3D:
    Version:  Direct3D 11.0 [level 11.1]
    Renderer: AMD Radeon RX 5700 XT (ID=0x731f)
    Vendor:   ATI
    VRAM:     8125 MB
    Driver:   32.0.12019.1028
Initialize mono
Mono path[0] = 'C:/Program Files/Unity/Hub/Editor/2022.3.56f1/Editor/Data/Managed'
Mono path[1] = 'C:/Program Files/Unity/Hub/Editor/2022.3.56f1/Editor/Data/MonoBleedingEdge/lib/mono/unityjit-win32'
Mono config path = 'C:/Program Files/Unity/Hub/Editor/2022.3.56f1/Editor/Data/MonoBleedingEdge/etc'
Using monoOptions --debugger-agent=transport=dt_socket,embedding=1,server=y,suspend=n,address=127.0.0.1:56508
Begin MonoManager ReloadAssembly
Registering precompiled unity dll's ...
Register platform support module: C:/Program Files/Unity/Hub/Editor/2022.3.56f1/Editor/Data/PlaybackEngines/WindowsStandaloneSupport/UnityEditor.WindowsStandalone.Extensions.dll
Registered in 0.015518 seconds.
- Loaded All Assemblies, in  0.500 seconds
Native extension for WindowsStandalone target not found
Mono: successfully reloaded assembly
- Finished resetting the current domain, in  0.293 seconds
Domain Reload Profiling: 790ms
	BeginReloadAssembly (158ms)
		ExecutionOrderSort (0ms)
		DisableScriptedObjects (0ms)
		BackupInstance (0ms)
		ReleaseScriptingObjects (0ms)
		CreateAndSetChildDomain (1ms)
	RebuildCommonClasses (71ms)
	RebuildNativeTypeToScriptingClass (19ms)
	initialDomainReloadingComplete (83ms)
	LoadAllAssembliesAndSetupDomain (166ms)
		LoadAssemblies (154ms)
		RebuildTransferFunctionScriptingTraits (0ms)
		AnalyzeDomain (164ms)
			TypeCache.Refresh (162ms)
				TypeCache.ScanAssembly (143ms)
			ScanForSourceGeneratedMonoScriptInfo (1ms)
			ResolveRequiredComponents (0ms)
	FinalizeReload (294ms)
		ReleaseScriptCaches (0ms)
		RebuildScriptCaches (0ms)
		SetupLoadedEditorAssemblies (242ms)
			LogAssemblyErrors (0ms)
			InitializePlatformSupportModulesInManaged (13ms)
			SetLoadedEditorAssemblies (9ms)
			RefreshPlugins (0ms)
			BeforeProcessingInitializeOnLoad (3ms)
			ProcessInitializeOnLoadAttributes (160ms)
			ProcessInitializeOnLoadMethodAttributes (57ms)
			AfterProcessingInitializeOnLoad (0ms)
			EditorAssembliesLoaded (0ms)
		ExecutionOrderSort2 (0ms)
		AwakeInstancesAfterBackupRestoration (0ms)
========================================================================
Worker process is ready to serve import requests
Caller must complete domain reload
Begin MonoManager ReloadAssembly
- Loaded All Assemblies, in  0.642 seconds
Native extension for WindowsStandalone target not found
Mono: successfully reloaded assembly
- Finished resetting the current domain, in  0.780 seconds
Domain Reload Profiling: 1419ms
	BeginReloadAssembly (153ms)
		ExecutionOrderSort (0ms)
		DisableScriptedObjects (5ms)
		BackupInstance (0ms)
		ReleaseScriptingObjects (0ms)
		CreateAndSetChildDomain (21ms)
	RebuildCommonClasses (34ms)
	RebuildNativeTypeToScriptingClass (11ms)
	initialDomainReloadingComplete (45ms)
	LoadAllAssembliesAndSetupDomain (395ms)
		LoadAssemblies (305ms)
		RebuildTransferFunctionScriptingTraits (0ms)
		AnalyzeDomain (179ms)
			TypeCache.Refresh (159ms)
				TypeCache.ScanAssembly (145ms)
			ScanForSourceGeneratedMonoScriptInfo (13ms)
			ResolveRequiredComponents (5ms)
	FinalizeReload (781ms)
		ReleaseScriptCaches (0ms)
		RebuildScriptCaches (0ms)
		SetupLoadedEditorAssemblies (649ms)
			LogAssemblyErrors (0ms)
			InitializePlatformSupportModulesInManaged (7ms)
			SetLoadedEditorAssemblies (3ms)
			RefreshPlugins (0ms)
			BeforeProcessingInitializeOnLoad (66ms)
			ProcessInitializeOnLoadAttributes (540ms)
			ProcessInitializeOnLoadMethodAttributes (21ms)
			AfterProcessingInitializeOnLoad (11ms)
			EditorAssembliesLoaded (0ms)
		ExecutionOrderSort2 (0ms)
		AwakeInstancesAfterBackupRestoration (9ms)
Launched and connected shader compiler UnityShaderCompiler.exe after 0.04 seconds
Refreshing native plugins compatible for Editor in 4.00 ms, found 3 plugins.
Preloading 0 native plugins for Editor in 0.00 ms.
Unloading 3136 Unused Serialized files (Serialized files now loaded: 0)
Unloading 19 unused Assets / (55.2 KB). Loaded Objects now: 3606.
Memory consumption went from 124.3 MB to 124.2 MB.
Total: 3.497200 ms (FindLiveObjects: 0.323100 ms CreateObjectMapping: 0.091400 ms MarkObjects: 2.954200 ms  DeleteObjects: 0.127600 ms)

AssetImportParameters requested are different than current active one (requested -> active):
  custom:container-demuxer-ogg: 62fdf1f143b41e24485cea50d1cbac27 -> 
  custom:video-decoder-ogg-theora: a1e56fd34408186e4bbccfd4996cb3dc -> 
  custom:framework-win-MediaFoundation: 216162199b28c13a410421893ffa2e32 -> 
  custom:CustomObjectIndexerAttribute: 9a22284fe3817be447336de3de66b15e -> 
  custom:container-demuxer-webm: 4f35f7cbe854078d1ac9338744f61a02 -> 
  custom:container-muxer-webm: aa71ff27fc2769a1b78a27578f13a17b -> 
  custom:video-decoder-webm-vp8: 9c59270c3fd7afecdb556c50c9e8de78 -> 
  custom:SearchIndexIgnoredProperties: e643bd26f0fe6173181afceb89e7c659 -> 
  custom:AudioImporter_EditorPlatform: d09bf68614088b80899f8185d706f6e7 -> 
  custom:video-encoder-webm-vp8: eb34c28f22e8b96e1ab97ce403110664 -> 
  custom:audio-decoder-ogg-vorbis: bf7c407c2cedff20999df2af8eb42d56 -> 
  custom:audio-encoder-webm-vorbis: bf7c407c2cedff20999df2af8eb42d56 -> 
========================================================================
Received Prepare
Caller must complete domain reload
Begin MonoManager ReloadAssembly
- Loaded All Assemblies, in  0.492 seconds
Native extension for WindowsStandalone target not found
Mono: successfully reloaded assembly
- Finished resetting the current domain, in  1.154 seconds
Domain Reload Profiling: 1642ms
	BeginReloadAssembly (176ms)
		ExecutionOrderSort (0ms)
		DisableScriptedObjects (6ms)
		BackupInstance (0ms)
		ReleaseScriptingObjects (0ms)
		CreateAndSetChildDomain (41ms)
	RebuildCommonClasses (42ms)
	RebuildNativeTypeToScriptingClass (15ms)
	initialDomainReloadingComplete (35ms)
	LoadAllAssembliesAndSetupDomain (220ms)
		LoadAssemblies (294ms)
		RebuildTransferFunctionScriptingTraits (0ms)
		AnalyzeDomain (22ms)
			TypeCache.Refresh (8ms)
				TypeCache.ScanAssembly (0ms)
			ScanForSourceGeneratedMonoScriptInfo (7ms)
			ResolveRequiredComponents (5ms)
	FinalizeReload (1154ms)
		ReleaseScriptCaches (0ms)
		RebuildScriptCaches (0ms)
		SetupLoadedEditorAssemblies (631ms)
			LogAssemblyErrors (0ms)
			InitializePlatformSupportModulesInManaged (7ms)
			SetLoadedEditorAssemblies (4ms)
			RefreshPlugins (0ms)
			BeforeProcessingInitializeOnLoad (71ms)
			ProcessInitializeOnLoadAttributes (515ms)
			ProcessInitializeOnLoadMethodAttributes (22ms)
			AfterProcessingInitializeOnLoad (12ms)
			EditorAssembliesLoaded (0ms)
		ExecutionOrderSort2 (0ms)
		AwakeInstancesAfterBackupRestoration (7ms)
Refreshing native plugins compatible for Editor in 4.42 ms, found 3 plugins.
Preloading 0 native plugins for Editor in 0.00 ms.
Unloading 3115 Unused Serialized files (Serialized files now loaded: 0)
Unloading 14 unused Assets / (28.5 KB). Loaded Objects now: 3609.
Memory consumption went from 120.1 MB to 120.1 MB.
Total: 3.557800 ms (FindLiveObjects: 0.313500 ms CreateObjectMapping: 0.084400 ms MarkObjects: 3.112800 ms  DeleteObjects: 0.046100 ms)

Prepare: number of updated asset objects reloaded= 0
AssetImportParameters requested are different than current active one (requested -> active):
  custom:container-demuxer-ogg: 62fdf1f143b41e24485cea50d1cbac27 -> 
  custom:video-decoder-ogg-theora: a1e56fd34408186e4bbccfd4996cb3dc -> 
  custom:framework-win-MediaFoundation: 216162199b28c13a410421893ffa2e32 -> 
  custom:CustomObjectIndexerAttribute: 9a22284fe3817be447336de3de66b15e -> 
  custom:container-demuxer-webm: 4f35f7cbe854078d1ac9338744f61a02 -> 
  custom:container-muxer-webm: aa71ff27fc2769a1b78a27578f13a17b -> 
  custom:video-decoder-webm-vp8: 9c59270c3fd7afecdb556c50c9e8de78 -> 
  custom:SearchIndexIgnoredProperties: e643bd26f0fe6173181afceb89e7c659 -> 
  custom:AudioImporter_EditorPlatform: d09bf68614088b80899f8185d706f6e7 -> 
  custom:video-encoder-webm-vp8: eb34c28f22e8b96e1ab97ce403110664 -> 
  custom:audio-decoder-ogg-vorbis: bf7c407c2cedff20999df2af8eb42d56 -> 
  custom:audio-encoder-webm-vorbis: bf7c407c2cedff20999df2af8eb42d56 -> 
========================================================================
Received Import Request.
  Time since last request: 189459.576199 seconds.
  path: Assets/Scripts/ReactiveTarget.cs
  artifactKey: Guid(023a0746e81c27d46a66f0d50401d34a) Importer(815301076,1909f56bfc062723c751e8b465ee728b)
Start importing Assets/Scripts/ReactiveTarget.cs using Guid(023a0746e81c27d46a66f0d50401d34a) Importer(815301076,1909f56bfc062723c751e8b465ee728b) [PhysX] Initialized MultithreadedTaskDispatcher with 12 workers.
 -> (artifact id: 'dd8828da3c08e369f6b35de48e0432e9') in 0.002647 seconds
Number of updated asset objects reloaded before import = 0
Number of asset objects unloaded after import = 0
========================================================================
Received Prepare
Refreshing native plugins compatible for Editor in 4.10 ms, found 3 plugins.
Preloading 0 native plugins for Editor in 0.00 ms.
Unloading 0 Unused Serialized files (Serialized files now loaded: 0)
Unloading 1 unused Assets / (0.9 KB). Loaded Objects now: 3609.
Memory consumption went from 71.3 MB to 71.3 MB.
Total: 3.245900 ms (FindLiveObjects: 0.305200 ms CreateObjectMapping: 0.085300 ms MarkObjects: 2.836400 ms  DeleteObjects: 0.018100 ms)

Prepare: number of updated asset objects reloaded= 0
AssetImportParameters requested are different than current active one (requested -> active):
  custom:container-demuxer-ogg: 62fdf1f143b41e24485cea50d1cbac27 -> 
  custom:video-decoder-ogg-theora: a1e56fd34408186e4bbccfd4996cb3dc -> 
  custom:framework-win-MediaFoundation: 216162199b28c13a410421893ffa2e32 -> 
  custom:CustomObjectIndexerAttribute: 9a22284fe3817be447336de3de66b15e -> 
  custom:container-demuxer-webm: 4f35f7cbe854078d1ac9338744f61a02 -> 
  custom:container-muxer-webm: aa71ff27fc2769a1b78a27578f13a17b -> 
  custom:video-decoder-webm-vp8: 9c59270c3fd7afecdb556c50c9e8de78 -> 
  custom:SearchIndexIgnoredProperties: e643bd26f0fe6173181afceb89e7c659 -> 
  custom:AudioImporter_EditorPlatform: d09bf68614088b80899f8185d706f6e7 -> 
  custom:video-encoder-webm-vp8: eb34c28f22e8b96e1ab97ce403110664 -> 
  custom:audio-decoder-ogg-vorbis: bf7c407c2cedff20999df2af8eb42d56 -> 
  custom:audio-encoder-webm-vorbis: bf7c407c2cedff20999df2af8eb42d56 -> 
========================================================================
Received Import Request.
  Time since last request: 84.737148 seconds.
  path: Assets/Materials/BankFloor.mat
  artifactKey: Guid(8dd1d1429daa0bf41b3b62ebe0eaf772) Importer(2089858483,0ecaa5967403d082aa24f35e1b516d23)
Start importing Assets/Materials/BankFloor.mat using Guid(8dd1d1429daa0bf41b3b62ebe0eaf772) Importer(2089858483,0ecaa5967403d082aa24f35e1b516d23) [PhysX] Initialized MultithreadedTaskDispatcher with 12 workers.
 -> (artifact id: '7c53376686b585a9bfc7de891323e356') in 0.102689 seconds
Number of updated asset objects reloaded before import = 0
Number of asset objects unloaded after import = 2
========================================================================
Received Import Request.
  Time since last request: 0.000022 seconds.
  path: Assets/Materials/Police.mat
  artifactKey: Guid(06ae6a0bbd5698046b53eacb906d7fad) Importer(2089858483,0ecaa5967403d082aa24f35e1b516d23)
Start importing Assets/Materials/Police.mat using Guid(06ae6a0bbd5698046b53eacb906d7fad) Importer(2089858483,0ecaa5967403d082aa24f35e1b516d23) [PhysX] Initialized MultithreadedTaskDispatcher with 12 workers.
 -> (artifact id: 'edb3761b4378d1f7be5ad1371fa7782c') in 0.017017 seconds
Number of updated asset objects reloaded before import = 0
Number of asset objects unloaded after import = 1
========================================================================
Received Import Request.
  Time since last request: 0.000025 seconds.
  path: Assets/TextMesh Pro/Shaders/TMPro_Mobile.cginc
  artifactKey: Guid(c334973cef89a9840b0b0c507e0377ab) Importer(2089858483,0ecaa5967403d082aa24f35e1b516d23)
Start importing Assets/TextMesh Pro/Shaders/TMPro_Mobile.cginc using Guid(c334973cef89a9840b0b0c507e0377ab) Importer(2089858483,0ecaa5967403d082aa24f35e1b516d23) [PhysX] Initialized MultithreadedTaskDispatcher with 12 workers.
 -> (artifact id: 'b596d31860320e26be366a2f2e4c0ddc') in 0.021468 seconds
Number of updated asset objects reloaded before import = 0
Number of asset objects unloaded after import = 1
========================================================================
Received Import Request.
  Time since last request: 0.000016 seconds.
  path: Assets/Sprites/popup.png
  artifactKey: Guid(0f199d6773559354a9dbbd83856572b7) Importer(2089858483,0ecaa5967403d082aa24f35e1b516d23)
Start importing Assets/Sprites/popup.png using Guid(0f199d6773559354a9dbbd83856572b7) Importer(2089858483,0ecaa5967403d082aa24f35e1b516d23) [PhysX] Initialized MultithreadedTaskDispatcher with 12 workers.
 -> (artifact id: '15ed8020f7b55b4fe5402c1e2e582f27') in 0.070535 seconds
Number of updated asset objects reloaded before import = 0
Number of asset objects unloaded after import = 3
========================================================================
Received Import Request.
  Time since last request: 0.000034 seconds.
  path: Assets/Imported Assets/Easy Primitive People/PrimitivePeopleDemoScene7.unity
  artifactKey: Guid(1e8c971561e77ee4c93d562c8e15b550) Importer(2089858483,0ecaa5967403d082aa24f35e1b516d23)
Start importing Assets/Imported Assets/Easy Primitive People/PrimitivePeopleDemoScene7.unity using Guid(1e8c971561e77ee4c93d562c8e15b550) Importer(2089858483,0ecaa5967403d082aa24f35e1b516d23) [PhysX] Initialized MultithreadedTaskDispatcher with 12 workers.
 -> (artifact id: 'd06ce4b29d3300ab1e2e9615e1643042') in 0.011751 seconds
Number of updated asset objects reloaded before import = 0
Number of asset objects unloaded after import = 1
========================================================================
Received Import Request.
  Time since last request: 0.000030 seconds.
  path: Assets/TextMesh Pro/Shaders/TMP_SDF-Mobile Overlay.shader
  artifactKey: Guid(a02a7d8c237544f1962732b55a9aebf1) Importer(2089858483,0ecaa5967403d082aa24f35e1b516d23)
Start importing Assets/TextMesh Pro/Shaders/TMP_SDF-Mobile Overlay.shader using Guid(a02a7d8c237544f1962732b55a9aebf1) Importer(2089858483,0ecaa5967403d082aa24f35e1b516d23) [PhysX] Initialized MultithreadedTaskDispatcher with 12 workers.
 -> (artifact id: 'e9f9db9eb7a14aa068ba5bae3535c805') in 0.018210 seconds
Number of updated asset objects reloaded before import = 0
Number of asset objects unloaded after import = 1
========================================================================
Received Import Request.
  Time since last request: 0.000021 seconds.
  path: Assets/Scripts/SmartMovement.cs
  artifactKey: Guid(8836008d7fb2a4941a9bf0715e94e02f) Importer(2089858483,0ecaa5967403d082aa24f35e1b516d23)
Start importing Assets/Scripts/SmartMovement.cs using Guid(8836008d7fb2a4941a9bf0715e94e02f) Importer(2089858483,0ecaa5967403d082aa24f35e1b516d23) [PhysX] Initialized MultithreadedTaskDispatcher with 12 workers.
 -> (artifact id: 'd13e9054cf524ff8b707041ff2d65cb6') in 0.013311 seconds
Number of updated asset objects reloaded before import = 0
Number of asset objects unloaded after import = 1
========================================================================
Received Import Request.
  Time since last request: 0.000021 seconds.
  path: Assets/Imported Assets/Easy Primitive People/PrimitivePeopleDemoScene2.unity
  artifactKey: Guid(0c98d542b494087448d3c15cd3efd292) Importer(2089858483,0ecaa5967403d082aa24f35e1b516d23)
Start importing Assets/Imported Assets/Easy Primitive People/PrimitivePeopleDemoScene2.unity using Guid(0c98d542b494087448d3c15cd3efd292) Importer(2089858483,0ecaa5967403d082aa24f35e1b516d23) [PhysX] Initialized MultithreadedTaskDispatcher with 12 workers.
 -> (artifact id: 'bb11632a72234a5959cb54eb09780bea') in 0.013457 seconds
Number of updated asset objects reloaded before import = 0
Number of asset objects unloaded after import = 1
========================================================================
Received Import Request.
  Time since last request: 0.000023 seconds.
  path: Assets/Scripts/ReactiveTarget.cs
  artifactKey: Guid(023a0746e81c27d46a66f0d50401d34a) Importer(2089858483,0ecaa5967403d082aa24f35e1b516d23)
Start importing Assets/Scripts/ReactiveTarget.cs using Guid(023a0746e81c27d46a66f0d50401d34a) Importer(2089858483,0ecaa5967403d082aa24f35e1b516d23) [PhysX] Initialized MultithreadedTaskDispatcher with 12 workers.
 -> (artifact id: '53341cc156f758ef8c51a0426151f2ad') in 0.013998 seconds
Number of updated asset objects reloaded before import = 0
Number of asset objects unloaded after import = 1
========================================================================
Received Import Request.
  Time since last request: 0.000025 seconds.
  path: Assets/Textures/arabescato luna - polished - marble-diffuse.jpg
  artifactKey: Guid(c642945b5deadbd40afe41cf2f75abd1) Importer(2089858483,0ecaa5967403d082aa24f35e1b516d23)
Start importing Assets/Textures/arabescato luna - polished - marble-diffuse.jpg using Guid(c642945b5deadbd40afe41cf2f75abd1) Importer(2089858483,0ecaa5967403d082aa24f35e1b516d23) [PhysX] Initialized MultithreadedTaskDispatcher with 12 workers.
 -> (artifact id: 'a6ba20f64993f3e00f13a3d834d5a6e6') in 0.025893 seconds
Number of updated asset objects reloaded before import = 0
Number of asset objects unloaded after import = 1
========================================================================
Received Import Request.
  Time since last request: 0.000023 seconds.
  path: Assets/Materials/Bullet.mat
  artifactKey: Guid(431660d913e53ef40b74f98ba8cc2fd6) Importer(2089858483,0ecaa5967403d082aa24f35e1b516d23)
Start importing Assets/Materials/Bullet.mat using Guid(431660d913e53ef40b74f98ba8cc2fd6) Importer(2089858483,0ecaa5967403d082aa24f35e1b516d23) [PhysX] Initialized MultithreadedTaskDispatcher with 12 workers.
 -> (artifact id: '5a910a42d332fec77b7cfd4fd92b19ef') in 0.015144 seconds
Number of updated asset objects reloaded before import = 0
Number of asset objects unloaded after import = 1
========================================================================
Received Import Request.
  Time since last request: 0.000022 seconds.
  path: Assets/TextMesh Pro/Shaders/TMP_Bitmap-Custom-Atlas.shader
  artifactKey: Guid(48bb5f55d8670e349b6e614913f9d910) Importer(2089858483,0ecaa5967403d082aa24f35e1b516d23)
Start importing Assets/TextMesh Pro/Shaders/TMP_Bitmap-Custom-Atlas.shader using Guid(48bb5f55d8670e349b6e614913f9d910) Importer(2089858483,0ecaa5967403d082aa24f35e1b516d23) [PhysX] Initialized MultithreadedTaskDispatcher with 12 workers.
 -> (artifact id: 'bf12bd5d140781dc3715348409e0b5bb') in 0.017844 seconds
Number of updated asset objects reloaded before import = 0
Number of asset objects unloaded after import = 1
========================================================================
Received Import Request.
  Time since last request: 0.000025 seconds.
  path: Assets/Sound FX/Footsteps_Tile_Walk_06.wav
  artifactKey: Guid(14ae706fef2303e4cb71112dbd5d250b) Importer(2089858483,0ecaa5967403d082aa24f35e1b516d23)
Start importing Assets/Sound FX/Footsteps_Tile_Walk_06.wav using Guid(14ae706fef2303e4cb71112dbd5d250b) Importer(2089858483,0ecaa5967403d082aa24f35e1b516d23) [PhysX] Initialized MultithreadedTaskDispatcher with 12 workers.
 -> (artifact id: 'd9b1aa2e501d1f1df55eef8c0672a00f') in 0.034285 seconds
Number of updated asset objects reloaded before import = 0
Number of asset objects unloaded after import = 1
========================================================================
Received Import Request.
  Time since last request: 0.000023 seconds.
  path: Assets/Sprites/close.png
  artifactKey: Guid(063dabc45ade64245aab52032750574b) Importer(2089858483,0ecaa5967403d082aa24f35e1b516d23)
Start importing Assets/Sprites/close.png using Guid(063dabc45ade64245aab52032750574b) Importer(2089858483,0ecaa5967403d082aa24f35e1b516d23) [PhysX] Initialized MultithreadedTaskDispatcher with 12 workers.
 -> (artifact id: 'b41c7a5706146fa568938e96790113b2') in 0.023735 seconds
Number of updated asset objects reloaded before import = 0
Number of asset objects unloaded after import = 3
========================================================================
Received Import Request.
  Time since last request: 0.000019 seconds.
  path: Assets/Scripts/FPSinput.cs
  artifactKey: Guid(1d57644b34ef3ac4bad7ae1a4c189934) Importer(2089858483,0ecaa5967403d082aa24f35e1b516d23)
Start importing Assets/Scripts/FPSinput.cs using Guid(1d57644b34ef3ac4bad7ae1a4c189934) Importer(2089858483,0ecaa5967403d082aa24f35e1b516d23) [PhysX] Initialized MultithreadedTaskDispatcher with 12 workers.
 -> (artifact id: 'da6dba7117b24e2e92e0e815d8c85fc9') in 0.012729 seconds
Number of updated asset objects reloaded before import = 0
Number of asset objects unloaded after import = 1
========================================================================
Received Import Request.
  Time since last request: 0.000022 seconds.
  path: Assets/Scripts/Armor.cs
  artifactKey: Guid(8715ccf10091896499a1bda8c37b04e8) Importer(2089858483,0ecaa5967403d082aa24f35e1b516d23)
Start importing Assets/Scripts/Armor.cs using Guid(8715ccf10091896499a1bda8c37b04e8) Importer(2089858483,0ecaa5967403d082aa24f35e1b516d23) [PhysX] Initialized MultithreadedTaskDispatcher with 12 workers.
 -> (artifact id: 'd64da142267dfe9a3788dc19a1282e73') in 0.012232 seconds
Number of updated asset objects reloaded before import = 0
Number of asset objects unloaded after import = 1
========================================================================
Received Import Request.
  Time since last request: 0.000023 seconds.
  path: Assets/Textures/arabescato luna - polished - marble-displacement.jpg
  artifactKey: Guid(64abeecee49a3344b98658b4257016ea) Importer(2089858483,0ecaa5967403d082aa24f35e1b516d23)
Start importing Assets/Textures/arabescato luna - polished - marble-displacement.jpg using Guid(64abeecee49a3344b98658b4257016ea) Importer(2089858483,0ecaa5967403d082aa24f35e1b516d23) [PhysX] Initialized MultithreadedTaskDispatcher with 12 workers.
 -> (artifact id: 'e39f3e92cb529b06a40af7205a7d9273') in 0.024893 seconds
Number of updated asset objects reloaded before import = 0
Number of asset objects unloaded after import = 1
========================================================================
Received Import Request.
  Time since last request: 0.000029 seconds.
  path: Assets/Materials/Wall.mat
  artifactKey: Guid(f581dadb0a6acbe48927ee865b1003a8) Importer(2089858483,0ecaa5967403d082aa24f35e1b516d23)
Start importing Assets/Materials/Wall.mat using Guid(f581dadb0a6acbe48927ee865b1003a8) Importer(2089858483,0ecaa5967403d082aa24f35e1b516d23) [PhysX] Initialized MultithreadedTaskDispatcher with 12 workers.
 -> (artifact id: '7311af3b8dbe13887a137049da186771') in 0.016733 seconds
Number of updated asset objects reloaded before import = 0
Number of asset objects unloaded after import = 2
========================================================================
Received Import Request.
  Time since last request: 0.000036 seconds.
  path: Assets/Textures/VehicleTextureColorBlack.png
  artifactKey: Guid(8f7ea66e7c8a8de4f931bcbaf1d29227) Importer(2089858483,0ecaa5967403d082aa24f35e1b516d23)
Start importing Assets/Textures/VehicleTextureColorBlack.png using Guid(8f7ea66e7c8a8de4f931bcbaf1d29227) Importer(2089858483,0ecaa5967403d082aa24f35e1b516d23) [PhysX] Initialized MultithreadedTaskDispatcher with 12 workers.
 -> (artifact id: '34859c7f5aedb86c4ca2e6e87c3d6af0') in 0.022874 seconds
Number of updated asset objects reloaded before import = 0
Number of asset objects unloaded after import = 1
========================================================================
Received Import Request.
  Time since last request: 0.000029 seconds.
  path: Assets/TextMesh Pro/Documentation/TextMesh Pro User Guide 2016.pdf
  artifactKey: Guid(1b8d251f9af63b746bf2f7ffe00ebb9b) Importer(2089858483,0ecaa5967403d082aa24f35e1b516d23)
Start importing Assets/TextMesh Pro/Documentation/TextMesh Pro User Guide 2016.pdf using Guid(1b8d251f9af63b746bf2f7ffe00ebb9b) Importer(2089858483,0ecaa5967403d082aa24f35e1b516d23) [PhysX] Initialized MultithreadedTaskDispatcher with 12 workers.
 -> (artifact id: '2c612aeee84fff574376b2966517eb54') in 0.011484 seconds
Number of updated asset objects reloaded before import = 0
Number of asset objects unloaded after import = 1
========================================================================
Received Import Request.
  Time since last request: 0.000021 seconds.
  path: Assets/Imported Assets/Easy Primitive People/Materials/Gold.mat
  artifactKey: Guid(411217d6818fa5b408f1f53c14aadfae) Importer(2089858483,0ecaa5967403d082aa24f35e1b516d23)
Start importing Assets/Imported Assets/Easy Primitive People/Materials/Gold.mat using Guid(411217d6818fa5b408f1f53c14aadfae) Importer(2089858483,0ecaa5967403d082aa24f35e1b516d23) [PhysX] Initialized MultithreadedTaskDispatcher with 12 workers.
 -> (artifact id: '296606d410eaf641002d790b4ccf532e') in 0.013515 seconds
Number of updated asset objects reloaded before import = 0
Number of asset objects unloaded after import = 1
========================================================================
Received Import Request.
  Time since last request: 0.000020 seconds.
  path: Assets/Imported Assets/Easy Primitive People/Materials/CricketFielder.prefab
  artifactKey: Guid(580cb0d5de7fae74cad3ee240378c8bc) Importer(2089858483,0ecaa5967403d082aa24f35e1b516d23)
Start importing Assets/Imported Assets/Easy Primitive People/Materials/CricketFielder.prefab using Guid(580cb0d5de7fae74cad3ee240378c8bc) Importer(2089858483,0ecaa5967403d082aa24f35e1b516d23) [PhysX] Initialized MultithreadedTaskDispatcher with 12 workers.
 -> (artifact id: '39db9c82f5bf7d590bc8e615adf5039e') in 0.063478 seconds
Number of updated asset objects reloaded before import = 0
Number of asset objects unloaded after import = 111
========================================================================
Received Import Request.
  Time since last request: 0.000020 seconds.
  path: Assets/Imported Assets/Easy Primitive People/Materials/Dark Green.mat
  artifactKey: Guid(44abf8e2aea254e469a675272df7feb4) Importer(2089858483,0ecaa5967403d082aa24f35e1b516d23)
Start importing Assets/Imported Assets/Easy Primitive People/Materials/Dark Green.mat using Guid(44abf8e2aea254e469a675272df7feb4) Importer(2089858483,0ecaa5967403d082aa24f35e1b516d23) [PhysX] Initialized MultithreadedTaskDispatcher with 12 workers.
 -> (artifact id: '5e89938ecc8cfefba37476147f56d618') in 0.012378 seconds
Number of updated asset objects reloaded before import = 0
Number of asset objects unloaded after import = 1
========================================================================
Received Import Request.
  Time since last request: 0.000019 seconds.
  path: Assets/Imported Assets/Easy Primitive People/Materials/Orange.mat
  artifactKey: Guid(9a46a53c350d5a8468c83df4537ef303) Importer(2089858483,0ecaa5967403d082aa24f35e1b516d23)
Start importing Assets/Imported Assets/Easy Primitive People/Materials/Orange.mat using Guid(9a46a53c350d5a8468c83df4537ef303) Importer(2089858483,0ecaa5967403d082aa24f35e1b516d23) [PhysX] Initialized MultithreadedTaskDispatcher with 12 workers.
 -> (artifact id: 'ff5fa6a657545c35994c86d7feee6e18') in 0.013158 seconds
Number of updated asset objects reloaded before import = 0
Number of asset objects unloaded after import = 1
========================================================================
Received Import Request.
  Time since last request: 0.000017 seconds.
  path: Assets/Textures/Skybox/clouds1_south.bmp
  artifactKey: Guid(f64372f0e4f395542a977e6a54faea8c) Importer(2089858483,0ecaa5967403d082aa24f35e1b516d23)
Start importing Assets/Textures/Skybox/clouds1_south.bmp using Guid(f64372f0e4f395542a977e6a54faea8c) Importer(2089858483,0ecaa5967403d082aa24f35e1b516d23) [PhysX] Initialized MultithreadedTaskDispatcher with 12 workers.
 -> (artifact id: 'b9ae4b7bfb97576c474cc935741de064') in 0.022293 seconds
Number of updated asset objects reloaded before import = 0
Number of asset objects unloaded after import = 1
========================================================================
Received Import Request.
  Time since last request: 0.000020 seconds.
  path: Assets/Imported Assets/Easy Primitive People/Materials/Green.mat
  artifactKey: Guid(7cd0db8b7cab9874c8d3dcd02fb6f49f) Importer(2089858483,0ecaa5967403d082aa24f35e1b516d23)
Start importing Assets/Imported Assets/Easy Primitive People/Materials/Green.mat using Guid(7cd0db8b7cab9874c8d3dcd02fb6f49f) Importer(2089858483,0ecaa5967403d082aa24f35e1b516d23) [PhysX] Initialized MultithreadedTaskDispatcher with 12 workers.
 -> (artifact id: '9e34dfdcd203c75fc23502a42c057acc') in 0.013536 seconds
Number of updated asset objects reloaded before import = 0
Number of asset objects unloaded after import = 1
========================================================================
Received Import Request.
  Time since last request: 0.000018 seconds.
  path: Assets/Imported Assets/Easy Primitive People/Prefab/Cloud1.prefab
  artifactKey: Guid(5f3e0d8101b9d1b4385eb4d565973aa4) Importer(2089858483,0ecaa5967403d082aa24f35e1b516d23)
Start importing Assets/Imported Assets/Easy Primitive People/Prefab/Cloud1.prefab using Guid(5f3e0d8101b9d1b4385eb4d565973aa4) Importer(2089858483,0ecaa5967403d082aa24f35e1b516d23) [PhysX] Initialized MultithreadedTaskDispatcher with 12 workers.
 -> (artifact id: '0d415059b691d5558e72932bbd5e73bd') in 0.018987 seconds
Number of updated asset objects reloaded before import = 0
Number of asset objects unloaded after import = 39
========================================================================
Received Import Request.
  Time since last request: 0.000023 seconds.
  path: Assets/Imported Assets/Easy Primitive People/Materials/Silver.mat
  artifactKey: Guid(dc3f65343f1fb1341ba2b4b8b9a5fb9e) Importer(2089858483,0ecaa5967403d082aa24f35e1b516d23)
Start importing Assets/Imported Assets/Easy Primitive People/Materials/Silver.mat using Guid(dc3f65343f1fb1341ba2b4b8b9a5fb9e) Importer(2089858483,0ecaa5967403d082aa24f35e1b516d23) [PhysX] Initialized MultithreadedTaskDispatcher with 12 workers.
 -> (artifact id: 'f1ea1bed522adc7c572426b06f1431bd') in 0.014580 seconds
Number of updated asset objects reloaded before import = 0
Number of asset objects unloaded after import = 1
========================================================================
Received Import Request.
  Time since last request: 0.000027 seconds.
  path: Assets/Materials/Dividers.mat
  artifactKey: Guid(4a75689d5db8d784694fe835df125e01) Importer(2089858483,0ecaa5967403d082aa24f35e1b516d23)
Start importing Assets/Materials/Dividers.mat using Guid(4a75689d5db8d784694fe835df125e01) Importer(2089858483,0ecaa5967403d082aa24f35e1b516d23) [PhysX] Initialized MultithreadedTaskDispatcher with 12 workers.
 -> (artifact id: 'b0eeb9be168496024afcdb5df4fc0ac4') in 0.018581 seconds
Number of updated asset objects reloaded before import = 0
Number of asset objects unloaded after import = 2
========================================================================
Received Import Request.
  Time since last request: 0.000034 seconds.
  path: Assets/TextMesh Pro/Shaders/TMP_Sprite.shader
  artifactKey: Guid(cf81c85f95fe47e1a27f6ae460cf182c) Importer(2089858483,0ecaa5967403d082aa24f35e1b516d23)
Start importing Assets/TextMesh Pro/Shaders/TMP_Sprite.shader using Guid(cf81c85f95fe47e1a27f6ae460cf182c) Importer(2089858483,0ecaa5967403d082aa24f35e1b516d23) [PhysX] Initialized MultithreadedTaskDispatcher with 12 workers.
 -> (artifact id: '482a344543177fe35c931bd4bbc65309') in 0.013958 seconds
Number of updated asset objects reloaded before import = 0
Number of asset objects unloaded after import = 1
========================================================================
Received Import Request.
  Time since last request: 0.000021 seconds.
  path: Assets/TextMesh Pro/Sprites/EmojiOne Attribution.txt
  artifactKey: Guid(381dcb09d5029d14897e55f98031fca5) Importer(2089858483,0ecaa5967403d082aa24f35e1b516d23)
Start importing Assets/TextMesh Pro/Sprites/EmojiOne Attribution.txt using Guid(381dcb09d5029d14897e55f98031fca5) Importer(2089858483,0ecaa5967403d082aa24f35e1b516d23) [PhysX] Initialized MultithreadedTaskDispatcher with 12 workers.
 -> (artifact id: '9bcc70e76e131e2b215fe919c4a2e4ab') in 0.022987 seconds
Number of updated asset objects reloaded before import = 0
Number of asset objects unloaded after import = 1
========================================================================
Received Import Request.
  Time since last request: 0.000021 seconds.
  path: Assets/TextMesh Pro/Shaders/TMP_SDF-Mobile Masking.shader
  artifactKey: Guid(bc1ede39bf3643ee8e493720e4259791) Importer(2089858483,0ecaa5967403d082aa24f35e1b516d23)
Start importing Assets/TextMesh Pro/Shaders/TMP_SDF-Mobile Masking.shader using Guid(bc1ede39bf3643ee8e493720e4259791) Importer(2089858483,0ecaa5967403d082aa24f35e1b516d23) [PhysX] Initialized MultithreadedTaskDispatcher with 12 workers.
 -> (artifact id: 'f1a2dbf718d71f1ffb23ff0725c50dd2') in 0.013748 seconds
Number of updated asset objects reloaded before import = 0
Number of asset objects unloaded after import = 1
========================================================================
Received Import Request.
  Time since last request: 0.000022 seconds.
  path: Assets/Materials/VehicleTexturePolice.mat
  artifactKey: Guid(a6fb1b2b69387e84aa3c6c0574ba8cdf) Importer(2089858483,0ecaa5967403d082aa24f35e1b516d23)
Start importing Assets/Materials/VehicleTexturePolice.mat using Guid(a6fb1b2b69387e84aa3c6c0574ba8cdf) Importer(2089858483,0ecaa5967403d082aa24f35e1b516d23) [PhysX] Initialized MultithreadedTaskDispatcher with 12 workers.
 -> (artifact id: '5457aefee8832a3736d54c4f6c91417f') in 0.016637 seconds
Number of updated asset objects reloaded before import = 0
Number of asset objects unloaded after import = 2
========================================================================
Received Import Request.
  Time since last request: 0.000025 seconds.
  path: Assets/Imported Assets/Easy Primitive People/Materials/Wood.mat
  artifactKey: Guid(1c0c3bf6593d6d046aee3ca2dd3153ed) Importer(2089858483,0ecaa5967403d082aa24f35e1b516d23)
Start importing Assets/Imported Assets/Easy Primitive People/Materials/Wood.mat using Guid(1c0c3bf6593d6d046aee3ca2dd3153ed) Importer(2089858483,0ecaa5967403d082aa24f35e1b516d23) [PhysX] Initialized MultithreadedTaskDispatcher with 12 workers.
 -> (artifact id: 'c35592abd5d6e22fb4b9f331636e9e5c') in 0.016506 seconds
Number of updated asset objects reloaded before import = 0
Number of asset objects unloaded after import = 1
========================================================================
Received Import Request.
  Time since last request: 0.000022 seconds.
  path: Assets/TextMesh Pro/Fonts/LiberationSans.ttf
  artifactKey: Guid(e3265ab4bf004d28a9537516768c1c75) Importer(2089858483,0ecaa5967403d082aa24f35e1b516d23)
Start importing Assets/TextMesh Pro/Fonts/LiberationSans.ttf using Guid(e3265ab4bf004d28a9537516768c1c75) Importer(2089858483,0ecaa5967403d082aa24f35e1b516d23) [PhysX] Initialized MultithreadedTaskDispatcher with 12 workers.
 -> (artifact id: 'e9ff7a4d3bfd8945b01ec42afc94080d') in 0.022909 seconds
Number of updated asset objects reloaded before import = 0
Number of asset objects unloaded after import = 3
========================================================================
Received Import Request.
  Time since last request: 0.000024 seconds.
  path: Assets/Imported Assets/Easy Primitive People/Materials/Grey.mat
  artifactKey: Guid(e792a19f03e42884bb6c7aa2f98d1906) Importer(2089858483,0ecaa5967403d082aa24f35e1b516d23)
Start importing Assets/Imported Assets/Easy Primitive People/Materials/Grey.mat using Guid(e792a19f03e42884bb6c7aa2f98d1906) Importer(2089858483,0ecaa5967403d082aa24f35e1b516d23) [PhysX] Initialized MultithreadedTaskDispatcher with 12 workers.
 -> (artifact id: '3c67da794632faa63a5b4ea28b69bda6') in 0.014013 seconds
Number of updated asset objects reloaded before import = 0
Number of asset objects unloaded after import = 1
========================================================================
Received Import Request.
  Time since last request: 0.000023 seconds.
  path: Assets/Textures/BigBricks.png
  artifactKey: Guid(9b51be8ae941fca429581d33c791c7bf) Importer(2089858483,0ecaa5967403d082aa24f35e1b516d23)
Start importing Assets/Textures/BigBricks.png using Guid(9b51be8ae941fca429581d33c791c7bf) Importer(2089858483,0ecaa5967403d082aa24f35e1b516d23) [PhysX] Initialized MultithreadedTaskDispatcher with 12 workers.
 -> (artifact id: '03badb80a50469d139f7b7baf9b23e37') in 0.023881 seconds
Number of updated asset objects reloaded before import = 0
Number of asset objects unloaded after import = 1
========================================================================
Received Import Request.
  Time since last request: 0.000026 seconds.
  path: Assets/Imported Assets/Easy Primitive People/Materials/White.mat
  artifactKey: Guid(47f8481dd8680474aacf6ae68f330dcd) Importer(2089858483,0ecaa5967403d082aa24f35e1b516d23)
Start importing Assets/Imported Assets/Easy Primitive People/Materials/White.mat using Guid(47f8481dd8680474aacf6ae68f330dcd) Importer(2089858483,0ecaa5967403d082aa24f35e1b516d23) [PhysX] Initialized MultithreadedTaskDispatcher with 12 workers.
 -> (artifact id: 'ab72325b461f0e1a4998e1e1a6137fd5') in 0.014585 seconds
Number of updated asset objects reloaded before import = 0
Number of asset objects unloaded after import = 1
========================================================================
Received Import Request.
  Time since last request: 0.000018 seconds.
  path: Assets/Prefabs/Bullet.prefab
  artifactKey: Guid(a53bcbbfd10d04e4ea7594a3e0fe150b) Importer(2089858483,0ecaa5967403d082aa24f35e1b516d23)
Start importing Assets/Prefabs/Bullet.prefab using Guid(a53bcbbfd10d04e4ea7594a3e0fe150b) Importer(2089858483,0ecaa5967403d082aa24f35e1b516d23) [PhysX] Initialized MultithreadedTaskDispatcher with 12 workers.
 -> (artifact id: 'e68bbe7aeedf33975aaf151534b98fb7') in 0.040148 seconds
Number of updated asset objects reloaded before import = 0
Number of asset objects unloaded after import = 9
========================================================================
Received Import Request.
  Time since last request: 0.000026 seconds.
  path: Assets/TextMesh Pro/Shaders/TMP_SDF-Mobile SSD.shader
  artifactKey: Guid(c8d12adcee749c344b8117cf7c7eb912) Importer(2089858483,0ecaa5967403d082aa24f35e1b516d23)
Start importing Assets/TextMesh Pro/Shaders/TMP_SDF-Mobile SSD.shader using Guid(c8d12adcee749c344b8117cf7c7eb912) Importer(2089858483,0ecaa5967403d082aa24f35e1b516d23) [PhysX] Initialized MultithreadedTaskDispatcher with 12 workers.
 -> (artifact id: '07341929cc07887cbcdabae983f67be0') in 0.014899 seconds
Number of updated asset objects reloaded before import = 0
Number of asset objects unloaded after import = 1
========================================================================
Received Import Request.
  Time since last request: 0.000031 seconds.
  path: Assets/Model/LowPolyJoop.fbx
  artifactKey: Guid(8578059681a53164896b58f64cc7ad10) Importer(2089858483,0ecaa5967403d082aa24f35e1b516d23)
Start importing Assets/Model/LowPolyJoop.fbx using Guid(8578059681a53164896b58f64cc7ad10) Importer(2089858483,0ecaa5967403d082aa24f35e1b516d23) [PhysX] Initialized MultithreadedTaskDispatcher with 12 workers.
 -> (artifact id: '6597e9a5a697fc4fc246ca279970456c') in 0.033386 seconds
Number of updated asset objects reloaded before import = 0
Number of asset objects unloaded after import = 8
========================================================================
Received Import Request.
  Time since last request: 0.000023 seconds.
  path: Assets/Textures/Skybox/clouds1_west.bmp
  artifactKey: Guid(36f8b3941a6343c45adcc89a72d18a9d) Importer(2089858483,0ecaa5967403d082aa24f35e1b516d23)
Start importing Assets/Textures/Skybox/clouds1_west.bmp using Guid(36f8b3941a6343c45adcc89a72d18a9d) Importer(2089858483,0ecaa5967403d082aa24f35e1b516d23) [PhysX] Initialized MultithreadedTaskDispatcher with 12 workers.
 -> (artifact id: '20d6426330b431444e3450d991880403') in 0.021794 seconds
Number of updated asset objects reloaded before import = 0
Number of asset objects unloaded after import = 1
========================================================================
Received Import Request.
  Time since last request: 0.000024 seconds.
  path: Assets/Imported Assets/Easy Primitive People/Materials/Dark Brown.mat
  artifactKey: Guid(49bacf2cc9778004589af42d84598932) Importer(2089858483,0ecaa5967403d082aa24f35e1b516d23)
Start importing Assets/Imported Assets/Easy Primitive People/Materials/Dark Brown.mat using Guid(49bacf2cc9778004589af42d84598932) Importer(2089858483,0ecaa5967403d082aa24f35e1b516d23) [PhysX] Initialized MultithreadedTaskDispatcher with 12 workers.
 -> (artifact id: 'f7967ec9a061163dfa1c82333e64ab17') in 0.016100 seconds
Number of updated asset objects reloaded before import = 0
Number of asset objects unloaded after import = 1
========================================================================
Received Import Request.
  Time since last request: 0.000028 seconds.
  path: Assets/Scripts/MoneyPickup.cs
  artifactKey: Guid(807e41a85c29a5b4482be1d865ef66be) Importer(2089858483,0ecaa5967403d082aa24f35e1b516d23)
Start importing Assets/Scripts/MoneyPickup.cs using Guid(807e41a85c29a5b4482be1d865ef66be) Importer(2089858483,0ecaa5967403d082aa24f35e1b516d23) [PhysX] Initialized MultithreadedTaskDispatcher with 12 workers.
 -> (artifact id: 'd5361c472da44e9356451dee3534a1f7') in 0.014428 seconds
Number of updated asset objects reloaded before import = 0
Number of asset objects unloaded after import = 1
========================================================================
Received Import Request.
  Time since last request: 0.000027 seconds.
  path: Assets/TextMesh Pro/Shaders/TMP_SDF SSD.shader
  artifactKey: Guid(14eb328de4b8eb245bb7cea29e4ac00b) Importer(2089858483,0ecaa5967403d082aa24f35e1b516d23)
Start importing Assets/TextMesh Pro/Shaders/TMP_SDF SSD.shader using Guid(14eb328de4b8eb245bb7cea29e4ac00b) Importer(2089858483,0ecaa5967403d082aa24f35e1b516d23) [PhysX] Initialized MultithreadedTaskDispatcher with 12 workers.
 -> (artifact id: '342a8ecfb79d007541fa33cbf69bcea7') in 0.018827 seconds
Number of updated asset objects reloaded before import = 0
Number of asset objects unloaded after import = 1
========================================================================
Received Import Request.
  Time since last request: 0.000029 seconds.
  path: Assets/Imported Assets/Easy Primitive People/Prefab/Ghost.prefab
  artifactKey: Guid(504712390eb34b946873d7f1bb40b62c) Importer(2089858483,0ecaa5967403d082aa24f35e1b516d23)
Start importing Assets/Imported Assets/Easy Primitive People/Prefab/Ghost.prefab using Guid(504712390eb34b946873d7f1bb40b62c) Importer(2089858483,0ecaa5967403d082aa24f35e1b516d23) [PhysX] Initialized MultithreadedTaskDispatcher with 12 workers.
 -> (artifact id: 'f6adce3062f181e764ffaccbdb418e4e') in 0.025841 seconds
Number of updated asset objects reloaded before import = 0
Number of asset objects unloaded after import = 71
========================================================================
Received Import Request.
  Time since last request: 0.000029 seconds.
  path: Assets/Imported Assets/Easy Primitive People/Prefab/Pilgrim.prefab
  artifactKey: Guid(8a40fb370ea9e3c4cb0b6250bbc0d124) Importer(2089858483,0ecaa5967403d082aa24f35e1b516d23)
Start importing Assets/Imported Assets/Easy Primitive People/Prefab/Pilgrim.prefab using Guid(8a40fb370ea9e3c4cb0b6250bbc0d124) Importer(2089858483,0ecaa5967403d082aa24f35e1b516d23) [PhysX] Initialized MultithreadedTaskDispatcher with 12 workers.
 -> (artifact id: 'd10592b499492d16dfe34b7af0203925') in 0.023291 seconds
Number of updated asset objects reloaded before import = 0
Number of asset objects unloaded after import = 108
========================================================================
Received Import Request.
  Time since last request: 0.000025 seconds.
  path: Assets/Imported Assets/Low Poly ATM/Prefabs/Bill2.prefab
  artifactKey: Guid(5ed6b9e1bde769f4ebffc1f57976de2a) Importer(2089858483,0ecaa5967403d082aa24f35e1b516d23)
Start importing Assets/Imported Assets/Low Poly ATM/Prefabs/Bill2.prefab using Guid(5ed6b9e1bde769f4ebffc1f57976de2a) Importer(2089858483,0ecaa5967403d082aa24f35e1b516d23) [PhysX] Initialized MultithreadedTaskDispatcher with 12 workers.
 -> (artifact id: '0418deafd08005d4c788eed1825df4f5') in 0.025215 seconds
Number of updated asset objects reloaded before import = 0
Number of asset objects unloaded after import = 7
========================================================================
Received Import Request.
  Time since last request: 0.000023 seconds.
  path: Assets/Imported Assets/Easy Primitive People/Prefab/CricketFielder.prefab
  artifactKey: Guid(61860cf461366a4419cc4352d574d127) Importer(2089858483,0ecaa5967403d082aa24f35e1b516d23)
Start importing Assets/Imported Assets/Easy Primitive People/Prefab/CricketFielder.prefab using Guid(61860cf461366a4419cc4352d574d127) Importer(2089858483,0ecaa5967403d082aa24f35e1b516d23) [PhysX] Initialized MultithreadedTaskDispatcher with 12 workers.
 -> (artifact id: '9a986c0bc6013819bc5cfe4f3c1f0392') in 0.040044 seconds
Number of updated asset objects reloaded before import = 0
Number of asset objects unloaded after import = 111
========================================================================
Received Import Request.
  Time since last request: 0.000022 seconds.
  path: Assets/Imported Assets/Easy Primitive People/Prefab/Cubicle.prefab
  artifactKey: Guid(1b134b1c5bdecf14e936ab0619fcf833) Importer(2089858483,0ecaa5967403d082aa24f35e1b516d23)
Start importing Assets/Imported Assets/Easy Primitive People/Prefab/Cubicle.prefab using Guid(1b134b1c5bdecf14e936ab0619fcf833) Importer(2089858483,0ecaa5967403d082aa24f35e1b516d23) [PhysX] Initialized MultithreadedTaskDispatcher with 12 workers.
 -> (artifact id: '2ebe3bc3dab6f52d65ec3e169460e42f') in 0.023187 seconds
Number of updated asset objects reloaded before import = 0
Number of asset objects unloaded after import = 91
========================================================================
Received Import Request.
  Time since last request: 0.000039 seconds.
  path: Assets/Imported Assets/Easy Primitive People/Prefab/Doctor.prefab
  artifactKey: Guid(b5a85490c717c88408f046479f4e1b8a) Importer(2089858483,0ecaa5967403d082aa24f35e1b516d23)
Start importing Assets/Imported Assets/Easy Primitive People/Prefab/Doctor.prefab using Guid(b5a85490c717c88408f046479f4e1b8a) Importer(2089858483,0ecaa5967403d082aa24f35e1b516d23) [PhysX] Initialized MultithreadedTaskDispatcher with 12 workers.
 -> (artifact id: 'df3f2e06c0d61159a79f9e2099eeca0a') in 0.023392 seconds
Number of updated asset objects reloaded before import = 0
Number of asset objects unloaded after import = 101
========================================================================
Received Import Request.
  Time since last request: 0.000017 seconds.
  path: Assets/Imported Assets/Easy Primitive People/Prefab/Cloud3.prefab
  artifactKey: Guid(1d220d7d578e51446ae85d810529ea5d) Importer(2089858483,0ecaa5967403d082aa24f35e1b516d23)
Start importing Assets/Imported Assets/Easy Primitive People/Prefab/Cloud3.prefab using Guid(1d220d7d578e51446ae85d810529ea5d) Importer(2089858483,0ecaa5967403d082aa24f35e1b516d23) [PhysX] Initialized MultithreadedTaskDispatcher with 12 workers.
 -> (artifact id: 'dc1a1abb6f142ca7a1974d0c8fc4e4c5') in 0.023616 seconds
Number of updated asset objects reloaded before import = 0
Number of asset objects unloaded after import = 39
========================================================================
Received Import Request.
  Time since last request: 0.000023 seconds.
  path: Assets/Imported Assets/Easy Primitive People/Prefab/Knight.prefab
  artifactKey: Guid(e6f91243a53d8cd4fab23ed891f0cc8a) Importer(2089858483,0ecaa5967403d082aa24f35e1b516d23)
Start importing Assets/Imported Assets/Easy Primitive People/Prefab/Knight.prefab using Guid(e6f91243a53d8cd4fab23ed891f0cc8a) Importer(2089858483,0ecaa5967403d082aa24f35e1b516d23) [PhysX] Initialized MultithreadedTaskDispatcher with 12 workers.
 -> (artifact id: '135fbeb136df85c30d591bc371cd458e') in 0.023950 seconds
Number of updated asset objects reloaded before import = 0
Number of asset objects unloaded after import = 117
========================================================================
Received Import Request.
  Time since last request: 0.000023 seconds.
  path: Assets/Imported Assets/Easy Primitive People/Prefab/Streaker.prefab
  artifactKey: Guid(90a267eb4b1d4484898bef5666071ba5) Importer(2089858483,0ecaa5967403d082aa24f35e1b516d23)
Start importing Assets/Imported Assets/Easy Primitive People/Prefab/Streaker.prefab using Guid(90a267eb4b1d4484898bef5666071ba5) Importer(2089858483,0ecaa5967403d082aa24f35e1b516d23) [PhysX] Initialized MultithreadedTaskDispatcher with 12 workers.
 -> (artifact id: '856a636661760359b4d1e08415402e6b') in 0.016285 seconds
Number of updated asset objects reloaded before import = 0
Number of asset objects unloaded after import = 75
========================================================================
Received Import Request.
  Time since last request: 0.000019 seconds.
  path: Assets/Imported Assets/Low Poly ATM/Models/Bill2.FBX
  artifactKey: Guid(948fe3e6d744a6740ac7f319e1879473) Importer(2089858483,0ecaa5967403d082aa24f35e1b516d23)
Start importing Assets/Imported Assets/Low Poly ATM/Models/Bill2.FBX using Guid(948fe3e6d744a6740ac7f319e1879473) Importer(2089858483,0ecaa5967403d082aa24f35e1b516d23) [PhysX] Initialized MultithreadedTaskDispatcher with 12 workers.
 -> (artifact id: 'e2a6927186203dec1459b28dc25eb3a7') in 0.019165 seconds
Number of updated asset objects reloaded before import = 0
Number of asset objects unloaded after import = 8
========================================================================
Received Import Request.
  Time since last request: 0.000017 seconds.
  path: Assets/Imported Assets/money pack/Materials/100dol.mat
  artifactKey: Guid(d1343f78ba5ef7042bc3b7a53e42dc08) Importer(2089858483,0ecaa5967403d082aa24f35e1b516d23)
Start importing Assets/Imported Assets/money pack/Materials/100dol.mat using Guid(d1343f78ba5ef7042bc3b7a53e42dc08) Importer(2089858483,0ecaa5967403d082aa24f35e1b516d23) [PhysX] Initialized MultithreadedTaskDispatcher with 12 workers.
 -> (artifact id: '285ed08693ad72d6f73384034731d734') in 0.025341 seconds
Number of updated asset objects reloaded before import = 0
Number of asset objects unloaded after import = 2
========================================================================
Received Import Request.
  Time since last request: 0.000017 seconds.
  path: Assets/Imported Assets/Low Poly ATM/Prefabs/HC1.prefab
  artifactKey: Guid(1fa1df7a5c5c9e44cbe353cb895f69ad) Importer(2089858483,0ecaa5967403d082aa24f35e1b516d23)
Start importing Assets/Imported Assets/Low Poly ATM/Prefabs/HC1.prefab using Guid(1fa1df7a5c5c9e44cbe353cb895f69ad) Importer(2089858483,0ecaa5967403d082aa24f35e1b516d23) [PhysX] Initialized MultithreadedTaskDispatcher with 12 workers.
 -> (artifact id: '69cb686d085688181c23fc7184825e7e') in 0.022689 seconds
Number of updated asset objects reloaded before import = 0
Number of asset objects unloaded after import = 7
========================================================================
Received Import Request.
  Time since last request: 0.000020 seconds.
  path: Assets/Imported Assets/Low Poly ATM/Materials/VertexColor.mat
  artifactKey: Guid(0e2cb3963d63abd40a1fbdc606e9e193) Importer(2089858483,0ecaa5967403d082aa24f35e1b516d23)
Start importing Assets/Imported Assets/Low Poly ATM/Materials/VertexColor.mat using Guid(0e2cb3963d63abd40a1fbdc606e9e193) Importer(2089858483,0ecaa5967403d082aa24f35e1b516d23) [PhysX] Initialized MultithreadedTaskDispatcher with 12 workers.
 -> (artifact id: 'cfa6dca546db37b257cb079b67aab613') in 0.013450 seconds
Number of updated asset objects reloaded before import = 0
Number of asset objects unloaded after import = 1
========================================================================
Received Import Request.
  Time since last request: 0.000023 seconds.
  path: Assets/Imported Assets/Low Poly ATM/Models/HC1.FBX
  artifactKey: Guid(ba9e854121924544497b41db3d1674aa) Importer(2089858483,0ecaa5967403d082aa24f35e1b516d23)
Start importing Assets/Imported Assets/Low Poly ATM/Models/HC1.FBX using Guid(ba9e854121924544497b41db3d1674aa) Importer(2089858483,0ecaa5967403d082aa24f35e1b516d23) [PhysX] Initialized MultithreadedTaskDispatcher with 12 workers.
 -> (artifact id: '14580f4a6c1b98d462ece9e849ccd877') in 0.023076 seconds
Number of updated asset objects reloaded before import = 0
Number of asset objects unloaded after import = 8
========================================================================
Received Import Request.
  Time since last request: 0.000020 seconds.
  path: Assets/Imported Assets/Easy Primitive People/Prefab/Villager.prefab
  artifactKey: Guid(d2a6cffd27c3e44449a585a61fc0359d) Importer(2089858483,0ecaa5967403d082aa24f35e1b516d23)
Start importing Assets/Imported Assets/Easy Primitive People/Prefab/Villager.prefab using Guid(d2a6cffd27c3e44449a585a61fc0359d) Importer(2089858483,0ecaa5967403d082aa24f35e1b516d23) [PhysX] Initialized MultithreadedTaskDispatcher with 12 workers.
 -> (artifact id: 'fc06c3ed8d698e0722879756e47eb0a1') in 0.013268 seconds
Number of updated asset objects reloaded before import = 0
Number of asset objects unloaded after import = 199
========================================================================
Received Import Request.
  Time since last request: 0.000019 seconds.
  path: Assets/Imported Assets/Easy Primitive People/Prefab/Robber.prefab
  artifactKey: Guid(b79d0b13355dc8f44b7956db61a82656) Importer(2089858483,0ecaa5967403d082aa24f35e1b516d23)
Start importing Assets/Imported Assets/Easy Primitive People/Prefab/Robber.prefab using Guid(b79d0b13355dc8f44b7956db61a82656) Importer(2089858483,0ecaa5967403d082aa24f35e1b516d23) [PhysX] Initialized MultithreadedTaskDispatcher with 12 workers.
 -> (artifact id: '139c79b2143f023aff03ca9a26d06bfa') in 0.012952 seconds
Number of updated asset objects reloaded before import = 0
Number of asset objects unloaded after import = 84
========================================================================
Received Import Request.
  Time since last request: 0.000030 seconds.
  path: Assets/Imported Assets/Low Poly ATM/Scenes/ATM_Demo Scene.unity
  artifactKey: Guid(03ba8ea7efbfea84c8b41645718d09d1) Importer(2089858483,0ecaa5967403d082aa24f35e1b516d23)
Start importing Assets/Imported Assets/Low Poly ATM/Scenes/ATM_Demo Scene.unity using Guid(03ba8ea7efbfea84c8b41645718d09d1) Importer(2089858483,0ecaa5967403d082aa24f35e1b516d23) [PhysX] Initialized MultithreadedTaskDispatcher with 12 workers.
 -> (artifact id: '7d499d993f1a282ac1227e5d5e8cb23e') in 0.014750 seconds
Number of updated asset objects reloaded before import = 0
Number of asset objects unloaded after import = 1
========================================================================
Received Import Request.
  Time since last request: 0.000033 seconds.
  path: Assets/Imported Assets/Low Poly ATM/Models/Bill1.FBX
  artifactKey: Guid(21aa30a6ceb4b2c4497d5dfac9d53488) Importer(2089858483,0ecaa5967403d082aa24f35e1b516d23)
Start importing Assets/Imported Assets/Low Poly ATM/Models/Bill1.FBX using Guid(21aa30a6ceb4b2c4497d5dfac9d53488) Importer(2089858483,0ecaa5967403d082aa24f35e1b516d23) [PhysX] Initialized MultithreadedTaskDispatcher with 12 workers.
 -> (artifact id: 'c0eb7612a4fc6500acfb12f07140cf28') in 0.024851 seconds
Number of updated asset objects reloaded before import = 0
Number of asset objects unloaded after import = 8
========================================================================
Received Import Request.
  Time since last request: 0.000027 seconds.
  path: Assets/Materials/SecondFloor(1).mat
  artifactKey: Guid(6049792bc85251549a50dc6162528bbd) Importer(2089858483,0ecaa5967403d082aa24f35e1b516d23)
Start importing Assets/Materials/SecondFloor(1).mat using Guid(6049792bc85251549a50dc6162528bbd) Importer(2089858483,0ecaa5967403d082aa24f35e1b516d23) [PhysX] Initialized MultithreadedTaskDispatcher with 12 workers.
 -> (artifact id: '08be610d16ac5e144367bc3144c1d764') in 0.016001 seconds
Number of updated asset objects reloaded before import = 0
Number of asset objects unloaded after import = 2
========================================================================
Received Import Request.
  Time since last request: 0.000019 seconds.
  path: Assets/Sound FX/swish-bamboo-pole-w-insect-net-12.wav
  artifactKey: Guid(411c22c6e1bb5f642a0be7b857bde912) Importer(2089858483,0ecaa5967403d082aa24f35e1b516d23)
Start importing Assets/Sound FX/swish-bamboo-pole-w-insect-net-12.wav using Guid(411c22c6e1bb5f642a0be7b857bde912) Importer(2089858483,0ecaa5967403d082aa24f35e1b516d23) [PhysX] Initialized MultithreadedTaskDispatcher with 12 workers.
 -> (artifact id: '5ab24990a6371c7821cf1bc99580748e') in 0.051369 seconds
Number of updated asset objects reloaded before import = 0
Number of asset objects unloaded after import = 1
========================================================================
Received Import Request.
  Time since last request: 0.000023 seconds.
  path: Assets/Materials/Vault.mat
  artifactKey: Guid(746801dabdd9b04418808251738146c5) Importer(2089858483,0ecaa5967403d082aa24f35e1b516d23)
Start importing Assets/Materials/Vault.mat using Guid(746801dabdd9b04418808251738146c5) Importer(2089858483,0ecaa5967403d082aa24f35e1b516d23) [PhysX] Initialized MultithreadedTaskDispatcher with 12 workers.
 -> (artifact id: 'c51296d00ce02c486c225fcf501a8737') in 0.014442 seconds
Number of updated asset objects reloaded before import = 0
Number of asset objects unloaded after import = 2
========================================================================
Received Import Request.
  Time since last request: 0.000022 seconds.
  path: Assets/Materials/Glass.mat
  artifactKey: Guid(10bd1160658a06e4b9af15237ac27b8f) Importer(2089858483,0ecaa5967403d082aa24f35e1b516d23)
Start importing Assets/Materials/Glass.mat using Guid(10bd1160658a06e4b9af15237ac27b8f) Importer(2089858483,0ecaa5967403d082aa24f35e1b516d23) [PhysX] Initialized MultithreadedTaskDispatcher with 12 workers.
 -> (artifact id: '773a89c11a47217f159d154b47132a9c') in 0.015319 seconds
Number of updated asset objects reloaded before import = 0
Number of asset objects unloaded after import = 1
========================================================================
Received Import Request.
  Time since last request: 0.000029 seconds.
  path: Assets/Imported Assets/Police Car & Helicopter/Models/Interceptor_MeshCollider.fbx
  artifactKey: Guid(7ebd38507cc5db04181efedcf8f2b8fe) Importer(2089858483,0ecaa5967403d082aa24f35e1b516d23)
Start importing Assets/Imported Assets/Police Car & Helicopter/Models/Interceptor_MeshCollider.fbx using Guid(7ebd38507cc5db04181efedcf8f2b8fe) Importer(2089858483,0ecaa5967403d082aa24f35e1b516d23) [PhysX] Initialized MultithreadedTaskDispatcher with 12 workers.
 -> (artifact id: '806fd36204fb92fbe5d847ccdf9d2809') in 0.040856 seconds
Number of updated asset objects reloaded before import = 0
Number of asset objects unloaded after import = 10
========================================================================
Received Import Request.
  Time since last request: 0.000022 seconds.
  path: Assets/Imported Assets/WC/DemoScene/demoSettings.lighting
  artifactKey: Guid(e1d43b8b27b4f8944acbaf240042b396) Importer(2089858483,0ecaa5967403d082aa24f35e1b516d23)
Start importing Assets/Imported Assets/WC/DemoScene/demoSettings.lighting using Guid(e1d43b8b27b4f8944acbaf240042b396) Importer(2089858483,0ecaa5967403d082aa24f35e1b516d23) [PhysX] Initialized MultithreadedTaskDispatcher with 12 workers.
LightingSettings: switching bake backend from 1 to 2.
 -> (artifact id: 'a2e6c3f43e08e9be32f4bfbb7d5519d2') in 0.033227 seconds
Number of updated asset objects reloaded before import = 0
Number of asset objects unloaded after import = 1
========================================================================
Received Import Request.
  Time since last request: 0.000026 seconds.
  path: Assets/Imported Assets/WC/Materials/T_mini.mat
  artifactKey: Guid(a65658b6f714cdc47a52f911a64276b7) Importer(2089858483,0ecaa5967403d082aa24f35e1b516d23)
Start importing Assets/Imported Assets/WC/Materials/T_mini.mat using Guid(a65658b6f714cdc47a52f911a64276b7) Importer(2089858483,0ecaa5967403d082aa24f35e1b516d23) [PhysX] Initialized MultithreadedTaskDispatcher with 12 workers.
 -> (artifact id: '0f2e22f852c51ad01dac5c9deec9f759') in 0.014773 seconds
Number of updated asset objects reloaded before import = 0
Number of asset objects unloaded after import = 3
========================================================================
Received Import Request.
  Time since last request: 0.000031 seconds.
  path: Assets/Imported Assets/Police Car & Helicopter/Animations/Helicopter_Idle.anim
  artifactKey: Guid(6372c21cbadc8b14b8cf6a040c0fa131) Importer(2089858483,0ecaa5967403d082aa24f35e1b516d23)
Start importing Assets/Imported Assets/Police Car & Helicopter/Animations/Helicopter_Idle.anim using Guid(6372c21cbadc8b14b8cf6a040c0fa131) Importer(2089858483,0ecaa5967403d082aa24f35e1b516d23) [PhysX] Initialized MultithreadedTaskDispatcher with 12 workers.
 -> (artifact id: '654073ff390027780048009e9f01ae4f') in 0.018551 seconds
Number of updated asset objects reloaded before import = 0
Number of asset objects unloaded after import = 1
========================================================================
Received Import Request.
  Time since last request: 0.000023 seconds.
  path: Assets/Imported Assets/Police Car & Helicopter/Textures/helicopter.tif
  artifactKey: Guid(7c31f642cb6eea54aa8a19abc9988868) Importer(2089858483,0ecaa5967403d082aa24f35e1b516d23)
Start importing Assets/Imported Assets/Police Car & Helicopter/Textures/helicopter.tif using Guid(7c31f642cb6eea54aa8a19abc9988868) Importer(2089858483,0ecaa5967403d082aa24f35e1b516d23) [PhysX] Initialized MultithreadedTaskDispatcher with 12 workers.
 -> (artifact id: 'c50591fb589904cfad4dc8aec94f2246') in 0.040429 seconds
Number of updated asset objects reloaded before import = 0
Number of asset objects unloaded after import = 1
========================================================================
Received Import Request.
  Time since last request: 0.000022 seconds.
  path: Assets/Imported Assets/Police Car & Helicopter/Prefabs/Interceptor.prefab
  artifactKey: Guid(7be733fca5977484eab72a8eca73b1b2) Importer(2089858483,0ecaa5967403d082aa24f35e1b516d23)
Start importing Assets/Imported Assets/Police Car & Helicopter/Prefabs/Interceptor.prefab using Guid(7be733fca5977484eab72a8eca73b1b2) Importer(2089858483,0ecaa5967403d082aa24f35e1b516d23) [PhysX] Initialized MultithreadedTaskDispatcher with 12 workers.
 -> (artifact id: '148700f548726481b9b532b4a44288b0') in 0.020892 seconds
Number of updated asset objects reloaded before import = 0
Number of asset objects unloaded after import = 31
========================================================================
Received Import Request.
  Time since last request: 0.000019 seconds.
  path: Assets/Imported Assets/WC/Materials/glass.mat
  artifactKey: Guid(58a43b414d5f83a4fbb9d237baf7ac48) Importer(2089858483,0ecaa5967403d082aa24f35e1b516d23)
Start importing Assets/Imported Assets/WC/Materials/glass.mat using Guid(58a43b414d5f83a4fbb9d237baf7ac48) Importer(2089858483,0ecaa5967403d082aa24f35e1b516d23) [PhysX] Initialized MultithreadedTaskDispatcher with 12 workers.
 -> (artifact id: '60a1329123f78cedafb8e930af979daa') in 0.014774 seconds
Number of updated asset objects reloaded before import = 0
Number of asset objects unloaded after import = 1
========================================================================
Received Import Request.
  Time since last request: 0.000042 seconds.
  path: Assets/Imported Assets/Police Car & Helicopter/Scenes/Demo_SceneSettings.lighting
  artifactKey: Guid(517b7ef0498d4f84bb59d93d35177896) Importer(2089858483,0ecaa5967403d082aa24f35e1b516d23)
Start importing Assets/Imported Assets/Police Car & Helicopter/Scenes/Demo_SceneSettings.lighting using Guid(517b7ef0498d4f84bb59d93d35177896) Importer(2089858483,0ecaa5967403d082aa24f35e1b516d23) [PhysX] Initialized MultithreadedTaskDispatcher with 12 workers.
LightingSettings: switching bake backend from 1 to 0.
 -> (artifact id: 'fe5cf34dfe166c10821a969c75139ba5') in 0.017110 seconds
Number of updated asset objects reloaded before import = 0
Number of asset objects unloaded after import = 1
========================================================================
Received Import Request.
  Time since last request: 0.000022 seconds.
  path: Assets/Imported Assets/WC/DemoScene/000Settings.lighting
  artifactKey: Guid(0f1200294d5561a4d8636d98a7064a55) Importer(2089858483,0ecaa5967403d082aa24f35e1b516d23)
Start importing Assets/Imported Assets/WC/DemoScene/000Settings.lighting using Guid(0f1200294d5561a4d8636d98a7064a55) Importer(2089858483,0ecaa5967403d082aa24f35e1b516d23) [PhysX] Initialized MultithreadedTaskDispatcher with 12 workers.
LightingSettings: switching bake backend from 1 to 2.
 -> (artifact id: '5ed8ee53c547270a3a4f0e5f5c7839b9') in 0.016674 seconds
Number of updated asset objects reloaded before import = 0
Number of asset objects unloaded after import = 1
========================================================================
Received Import Request.
  Time since last request: 0.000023 seconds.
  path: Assets/Imported Assets/money pack/Prefabs/400dol.prefab
  artifactKey: Guid(d471dfce0feaa564c95a9edabfcd6c5c) Importer(2089858483,0ecaa5967403d082aa24f35e1b516d23)
Start importing Assets/Imported Assets/money pack/Prefabs/400dol.prefab using Guid(d471dfce0feaa564c95a9edabfcd6c5c) Importer(2089858483,0ecaa5967403d082aa24f35e1b516d23) [PhysX] Initialized MultithreadedTaskDispatcher with 12 workers.
 -> (artifact id: '68686725289f17c973519856dfcbc5ab') in 0.022045 seconds
Number of updated asset objects reloaded before import = 0
Number of asset objects unloaded after import = 24
========================================================================
Received Import Request.
  Time since last request: 0.000024 seconds.
  path: Assets/TextMesh Pro/Resources/Fonts & Materials/LiberationSans SDF - Outline.mat
  artifactKey: Guid(79459efec17a4d00a321bdcc27bbc385) Importer(2089858483,0ecaa5967403d082aa24f35e1b516d23)
Start importing Assets/TextMesh Pro/Resources/Fonts & Materials/LiberationSans SDF - Outline.mat using Guid(79459efec17a4d00a321bdcc27bbc385) Importer(2089858483,0ecaa5967403d082aa24f35e1b516d23) [PhysX] Initialized MultithreadedTaskDispatcher with 12 workers.
 -> (artifact id: 'b7439ee90ebbe74fad782f0945c0ffa7') in 0.033856 seconds
Number of updated asset objects reloaded before import = 0
Number of asset objects unloaded after import = 2
========================================================================
Received Import Request.
  Time since last request: 0.000023 seconds.
  path: Assets/Imported Assets/money pack/Prefabs/100dol.prefab
  artifactKey: Guid(92447023b5ff09e4786ef30d9f474c15) Importer(2089858483,0ecaa5967403d082aa24f35e1b516d23)
Start importing Assets/Imported Assets/money pack/Prefabs/100dol.prefab using Guid(92447023b5ff09e4786ef30d9f474c15) Importer(2089858483,0ecaa5967403d082aa24f35e1b516d23) [PhysX] Initialized MultithreadedTaskDispatcher with 12 workers.
 -> (artifact id: '526dfe86bdcd6bea52e1f1d08ff5dc3c') in 0.022952 seconds
Number of updated asset objects reloaded before import = 0
Number of asset objects unloaded after import = 7
========================================================================
Received Import Request.
  Time since last request: 0.000018 seconds.
  path: Assets/Imported Assets/money pack/Scenes/Demo.unity
  artifactKey: Guid(2e88f0f136f9e804cab3809b95f49626) Importer(2089858483,0ecaa5967403d082aa24f35e1b516d23)
Start importing Assets/Imported Assets/money pack/Scenes/Demo.unity using Guid(2e88f0f136f9e804cab3809b95f49626) Importer(2089858483,0ecaa5967403d082aa24f35e1b516d23) [PhysX] Initialized MultithreadedTaskDispatcher with 12 workers.
 -> (artifact id: 'ffdf7834c45e1c1843972bf638ff0dc0') in 0.010890 seconds
Number of updated asset objects reloaded before import = 0
Number of asset objects unloaded after import = 1
========================================================================
Received Import Request.
  Time since last request: 0.000029 seconds.
  path: Assets/Imported Assets/Low Poly ATM/Materials/Decals/main.png
  artifactKey: Guid(8a073d15f4699e14db683ac260601e35) Importer(2089858483,0ecaa5967403d082aa24f35e1b516d23)
Start importing Assets/Imported Assets/Low Poly ATM/Materials/Decals/main.png using Guid(8a073d15f4699e14db683ac260601e35) Importer(2089858483,0ecaa5967403d082aa24f35e1b516d23) [PhysX] Initialized MultithreadedTaskDispatcher with 12 workers.
 -> (artifact id: 'afa6cbc1f8cf5ae39f90a12dc1e2a60f') in 0.030281 seconds
Number of updated asset objects reloaded before import = 0
Number of asset objects unloaded after import = 3
========================================================================
Received Import Request.
  Time since last request: 0.000023 seconds.
  path: Assets/TextMesh Pro/Resources/Fonts & Materials/LiberationSans SDF - Fallback.asset
  artifactKey: Guid(2e498d1c8094910479dc3e1b768306a4) Importer(2089858483,0ecaa5967403d082aa24f35e1b516d23)
Start importing Assets/TextMesh Pro/Resources/Fonts & Materials/LiberationSans SDF - Fallback.asset using Guid(2e498d1c8094910479dc3e1b768306a4) Importer(2089858483,0ecaa5967403d082aa24f35e1b516d23) [PhysX] Initialized MultithreadedTaskDispatcher with 12 workers.
 -> (artifact id: '3784f8c0e09a5464022eee7b881321e2') in 0.030899 seconds
Number of updated asset objects reloaded before import = 0
Number of asset objects unloaded after import = 5
========================================================================
Received Import Request.
  Time since last request: 0.000020 seconds.
  path: Assets/Imported Assets/Low Poly ATM/Prefabs/ATM2.prefab
  artifactKey: Guid(f7b2313a7ea7d3c468c920137406f346) Importer(2089858483,0ecaa5967403d082aa24f35e1b516d23)
Start importing Assets/Imported Assets/Low Poly ATM/Prefabs/ATM2.prefab using Guid(f7b2313a7ea7d3c468c920137406f346) Importer(2089858483,0ecaa5967403d082aa24f35e1b516d23) [PhysX] Initialized MultithreadedTaskDispatcher with 12 workers.
 -> (artifact id: '1e57cc18356e750e49a84b1346f4220d') in 0.025255 seconds
Number of updated asset objects reloaded before import = 0
Number of asset objects unloaded after import = 7
========================================================================
Received Import Request.
  Time since last request: 0.000023 seconds.
  path: Assets/Imported Assets/WC/textures/T_mini_0.png
  artifactKey: Guid(121364a81bfc2db4ebba5f6786636db0) Importer(2089858483,0ecaa5967403d082aa24f35e1b516d23)
Start importing Assets/Imported Assets/WC/textures/T_mini_0.png using Guid(121364a81bfc2db4ebba5f6786636db0) Importer(2089858483,0ecaa5967403d082aa24f35e1b516d23) [PhysX] Initialized MultithreadedTaskDispatcher with 12 workers.
 -> (artifact id: '9cf31358f4040f616a8ca8a7231b479f') in 0.021346 seconds
Number of updated asset objects reloaded before import = 0
Number of asset objects unloaded after import = 1
========================================================================
Received Import Request.
  Time since last request: 0.000019 seconds.
  path: Assets/Imported Assets/money pack/Prefabs/10000dol.prefab
  artifactKey: Guid(0bb3763a445b5de4eb87236307133810) Importer(2089858483,0ecaa5967403d082aa24f35e1b516d23)
Start importing Assets/Imported Assets/money pack/Prefabs/10000dol.prefab using Guid(0bb3763a445b5de4eb87236307133810) Importer(2089858483,0ecaa5967403d082aa24f35e1b516d23) [PhysX] Initialized MultithreadedTaskDispatcher with 12 workers.
 -> (artifact id: '3daedcdc61e92b655c5e491d6b8b97ff') in 0.027251 seconds
Number of updated asset objects reloaded before import = 0
Number of asset objects unloaded after import = 7
========================================================================
Received Import Request.
  Time since last request: 0.000019 seconds.
  path: Assets/Materials/VehicleTextureColorBlack.mat
  artifactKey: Guid(42bbc1e7f0d3eaa47a0e53d7e98432e8) Importer(2089858483,0ecaa5967403d082aa24f35e1b516d23)
Start importing Assets/Materials/VehicleTextureColorBlack.mat using Guid(42bbc1e7f0d3eaa47a0e53d7e98432e8) Importer(2089858483,0ecaa5967403d082aa24f35e1b516d23) [PhysX] Initialized MultithreadedTaskDispatcher with 12 workers.
 -> (artifact id: '6b446a800313d27f84653581fbea4719') in 0.014414 seconds
Number of updated asset objects reloaded before import = 0
Number of asset objects unloaded after import = 2
========================================================================
Received Import Request.
  Time since last request: 0.000021 seconds.
  path: Assets/Imported Assets/Easy Primitive People/Prefab/Zombie.prefab
  artifactKey: Guid(dc7e45f5f8f700449b1e5ee0e7fda889) Importer(2089858483,0ecaa5967403d082aa24f35e1b516d23)
Start importing Assets/Imported Assets/Easy Primitive People/Prefab/Zombie.prefab using Guid(dc7e45f5f8f700449b1e5ee0e7fda889) Importer(2089858483,0ecaa5967403d082aa24f35e1b516d23) [PhysX] Initialized MultithreadedTaskDispatcher with 12 workers.
 -> (artifact id: 'bb5d7200d86660d1c673eb9e5ba4b96e') in 0.013954 seconds
Number of updated asset objects reloaded before import = 0
Number of asset objects unloaded after import = 99
========================================================================
Received Import Request.
  Time since last request: 0.000020 seconds.
  path: Assets/Imported Assets/Low Poly ATM/Models/ATM2.FBX
  artifactKey: Guid(8f1177eeedca7fc44af099df5887ad9f) Importer(2089858483,0ecaa5967403d082aa24f35e1b516d23)
Start importing Assets/Imported Assets/Low Poly ATM/Models/ATM2.FBX using Guid(8f1177eeedca7fc44af099df5887ad9f) Importer(2089858483,0ecaa5967403d082aa24f35e1b516d23) [PhysX] Initialized MultithreadedTaskDispatcher with 12 workers.
 -> (artifact id: '77a2988d5ae8a27874a2dba1a3c30533') in 0.025358 seconds
Number of updated asset objects reloaded before import = 0
Number of asset objects unloaded after import = 8
========================================================================
Received Import Request.
  Time since last request: 0.000021 seconds.
  path: Assets/Imported Assets/Police Car & Helicopter/Models/Materials/helicopter.mat
  artifactKey: Guid(e8ff2f07a7f870144a730c42375c978b) Importer(2089858483,0ecaa5967403d082aa24f35e1b516d23)
Start importing Assets/Imported Assets/Police Car & Helicopter/Models/Materials/helicopter.mat using Guid(e8ff2f07a7f870144a730c42375c978b) Importer(2089858483,0ecaa5967403d082aa24f35e1b516d23) [PhysX] Initialized MultithreadedTaskDispatcher with 12 workers.
 -> (artifact id: '11f8016a340ce2802dde694fcdec7ccd') in 0.022506 seconds
Number of updated asset objects reloaded before import = 0
Number of asset objects unloaded after import = 2
========================================================================
Received Import Request.
  Time since last request: 0.000026 seconds.
  path: Assets/Imported Assets/WC/models/props/SM_dryer.fbx
  artifactKey: Guid(9f7ea697f2d2b0140b3afe5bca510e96) Importer(2089858483,0ecaa5967403d082aa24f35e1b516d23)
Start importing Assets/Imported Assets/WC/models/props/SM_dryer.fbx using Guid(9f7ea697f2d2b0140b3afe5bca510e96) Importer(2089858483,0ecaa5967403d082aa24f35e1b516d23) [PhysX] Initialized MultithreadedTaskDispatcher with 12 workers.
 -> (artifact id: '287857aa023e2e7b17e1b00428117f5e') in 0.024432 seconds
Number of updated asset objects reloaded before import = 0
Number of asset objects unloaded after import = 7
========================================================================
Received Import Request.
  Time since last request: 0.000034 seconds.
  path: Assets/Imported Assets/WC/Materials/Materials/mirror.mat
  artifactKey: Guid(59abe2f368b10d244831ff8fb2d1c836) Importer(2089858483,0ecaa5967403d082aa24f35e1b516d23)
Start importing Assets/Imported Assets/WC/Materials/Materials/mirror.mat using Guid(59abe2f368b10d244831ff8fb2d1c836) Importer(2089858483,0ecaa5967403d082aa24f35e1b516d23) [PhysX] Initialized MultithreadedTaskDispatcher with 12 workers.
 -> (artifact id: 'b3158930340ad9489620433080a64942') in 0.014081 seconds
Number of updated asset objects reloaded before import = 0
Number of asset objects unloaded after import = 2
========================================================================
Received Import Request.
  Time since last request: 0.000018 seconds.
  path: Assets/Imported Assets/WC/models/props/SM_sign_2.fbx
  artifactKey: Guid(e97025bc0dedd104e95ce5cd271b6712) Importer(2089858483,0ecaa5967403d082aa24f35e1b516d23)
Start importing Assets/Imported Assets/WC/models/props/SM_sign_2.fbx using Guid(e97025bc0dedd104e95ce5cd271b6712) Importer(2089858483,0ecaa5967403d082aa24f35e1b516d23) [PhysX] Initialized MultithreadedTaskDispatcher with 12 workers.
 -> (artifact id: 'eb3fd72c00685e676e1d37bb5aca6561') in 0.021468 seconds
Number of updated asset objects reloaded before import = 0
Number of asset objects unloaded after import = 7
========================================================================
Received Import Request.
  Time since last request: 0.000024 seconds.
  path: Assets/Imported Assets/WC/Prefabs/props/SM_soap Variant.prefab
  artifactKey: Guid(7fc99383145e83b428f0242f8694224f) Importer(2089858483,0ecaa5967403d082aa24f35e1b516d23)
Start importing Assets/Imported Assets/WC/Prefabs/props/SM_soap Variant.prefab using Guid(7fc99383145e83b428f0242f8694224f) Importer(2089858483,0ecaa5967403d082aa24f35e1b516d23) [PhysX] Initialized MultithreadedTaskDispatcher with 12 workers.
 -> (artifact id: 'd96259a2344db08dbaa4914bfa6e5f4e') in 0.022636 seconds
Number of updated asset objects reloaded before import = 0
Number of asset objects unloaded after import = 13
========================================================================
Received Import Request.
  Time since last request: 0.000021 seconds.
  path: Assets/Imported Assets/WC/Prefabs/props/SM_lamp Variant.prefab
  artifactKey: Guid(6c39976871e7f9946a80c22910ab5763) Importer(2089858483,0ecaa5967403d082aa24f35e1b516d23)
Start importing Assets/Imported Assets/WC/Prefabs/props/SM_lamp Variant.prefab using Guid(6c39976871e7f9946a80c22910ab5763) Importer(2089858483,0ecaa5967403d082aa24f35e1b516d23) [PhysX] Initialized MultithreadedTaskDispatcher with 12 workers.
 -> (artifact id: 'fe57116cf5fa880278c3db1401937753') in 0.025056 seconds
Number of updated asset objects reloaded before import = 0
Number of asset objects unloaded after import = 13
========================================================================
Received Import Request.
  Time since last request: 0.000023 seconds.
  path: Assets/Imported Assets/WC/Prefabs/props/SM_toilet_bowl Variant.prefab
  artifactKey: Guid(88a0819a59da0804681860f567cef10f) Importer(2089858483,0ecaa5967403d082aa24f35e1b516d23)
Start importing Assets/Imported Assets/WC/Prefabs/props/SM_toilet_bowl Variant.prefab using Guid(88a0819a59da0804681860f567cef10f) Importer(2089858483,0ecaa5967403d082aa24f35e1b516d23) [PhysX] Initialized MultithreadedTaskDispatcher with 12 workers.
 -> (artifact id: '81dfb8c54d678c402d4b279adff6472f') in 0.016433 seconds
Number of updated asset objects reloaded before import = 0
Number of asset objects unloaded after import = 13
========================================================================
Received Import Request.
  Time since last request: 0.000020 seconds.
  path: Assets/Imported Assets/WC/models/props/SM_mirror.fbx
  artifactKey: Guid(338b5319c4234764485870ff93845630) Importer(2089858483,0ecaa5967403d082aa24f35e1b516d23)
Start importing Assets/Imported Assets/WC/models/props/SM_mirror.fbx using Guid(338b5319c4234764485870ff93845630) Importer(2089858483,0ecaa5967403d082aa24f35e1b516d23) [PhysX] Initialized MultithreadedTaskDispatcher with 12 workers.
 -> (artifact id: '38ecdf975b01a848ada9c4e2a4c1ef4e') in 0.022503 seconds
Number of updated asset objects reloaded before import = 0
Number of asset objects unloaded after import = 7
========================================================================
Received Import Request.
  Time since last request: 0.000023 seconds.
  path: Assets/Imported Assets/WC/models/props/SM_toilet_bowl.fbx
  artifactKey: Guid(42be8aff49cd88f4089743bec4f39663) Importer(2089858483,0ecaa5967403d082aa24f35e1b516d23)
Start importing Assets/Imported Assets/WC/models/props/SM_toilet_bowl.fbx using Guid(42be8aff49cd88f4089743bec4f39663) Importer(2089858483,0ecaa5967403d082aa24f35e1b516d23) [PhysX] Initialized MultithreadedTaskDispatcher with 12 workers.
 -> (artifact id: 'cffe29cfeadf26a36b638bc3f4fee8bb') in 0.020122 seconds
Number of updated asset objects reloaded before import = 0
Number of asset objects unloaded after import = 7
========================================================================
Received Import Request.
  Time since last request: 0.000020 seconds.
  path: Assets/Imported Assets/WC/models/props/SM_banner.fbx
  artifactKey: Guid(0f1048b040aed5f41af1651040833d07) Importer(2089858483,0ecaa5967403d082aa24f35e1b516d23)
Start importing Assets/Imported Assets/WC/models/props/SM_banner.fbx using Guid(0f1048b040aed5f41af1651040833d07) Importer(2089858483,0ecaa5967403d082aa24f35e1b516d23) [PhysX] Initialized MultithreadedTaskDispatcher with 12 workers.
 -> (artifact id: 'ce64642a464779e5e338ec75cebba015') in 0.021181 seconds
Number of updated asset objects reloaded before import = 0
Number of asset objects unloaded after import = 7
========================================================================
Received Import Request.
  Time since last request: 0.000020 seconds.
  path: Assets/Imported Assets/WC/Prefabs/props/SM_dryer Variant.prefab
  artifactKey: Guid(f4b84a21b51d73f438d01dbe9a0a398e) Importer(2089858483,0ecaa5967403d082aa24f35e1b516d23)
Start importing Assets/Imported Assets/WC/Prefabs/props/SM_dryer Variant.prefab using Guid(f4b84a21b51d73f438d01dbe9a0a398e) Importer(2089858483,0ecaa5967403d082aa24f35e1b516d23) [PhysX] Initialized MultithreadedTaskDispatcher with 12 workers.
 -> (artifact id: '4508d8071efcd5aacf42f8e8ea905b8e') in 0.024605 seconds
Number of updated asset objects reloaded before import = 0
Number of asset objects unloaded after import = 13
========================================================================
Received Import Request.
  Time since last request: 0.000020 seconds.
  path: Assets/Imported Assets/WC/models/props/SM_lamp_1.fbx
  artifactKey: Guid(5c382f5274563b44181eecb850d76ea3) Importer(2089858483,0ecaa5967403d082aa24f35e1b516d23)
Start importing Assets/Imported Assets/WC/models/props/SM_lamp_1.fbx using Guid(5c382f5274563b44181eecb850d76ea3) Importer(2089858483,0ecaa5967403d082aa24f35e1b516d23) [PhysX] Initialized MultithreadedTaskDispatcher with 12 workers.
 -> (artifact id: 'a98edc021282ef60da0d80de06018cb1') in 0.019109 seconds
Number of updated asset objects reloaded before import = 0
Number of asset objects unloaded after import = 7
========================================================================
Received Import Request.
  Time since last request: 0.000023 seconds.
  path: Assets/Imported Assets/WC/models/props/SM_sign.fbx
  artifactKey: Guid(3a606fa11eef51740b85ac1238bb374e) Importer(2089858483,0ecaa5967403d082aa24f35e1b516d23)
Start importing Assets/Imported Assets/WC/models/props/SM_sign.fbx using Guid(3a606fa11eef51740b85ac1238bb374e) Importer(2089858483,0ecaa5967403d082aa24f35e1b516d23) [PhysX] Initialized MultithreadedTaskDispatcher with 12 workers.
 -> (artifact id: 'e6d28970146c276bc0ffe6e39eb63579') in 0.024385 seconds
Number of updated asset objects reloaded before import = 0
Number of asset objects unloaded after import = 7
========================================================================
Received Import Request.
  Time since last request: 0.000047 seconds.
  path: Assets/Imported Assets/WC/Prefabs/props/SM_sign_2 Variant.prefab
  artifactKey: Guid(89b00204fa1bbc740a0afabc12238f2e) Importer(2089858483,0ecaa5967403d082aa24f35e1b516d23)
Start importing Assets/Imported Assets/WC/Prefabs/props/SM_sign_2 Variant.prefab using Guid(89b00204fa1bbc740a0afabc12238f2e) Importer(2089858483,0ecaa5967403d082aa24f35e1b516d23) [PhysX] Initialized MultithreadedTaskDispatcher with 12 workers.
 -> (artifact id: '351ce01c54804b73b7ca2606bb8fae85') in 0.027946 seconds
Number of updated asset objects reloaded before import = 0
Number of asset objects unloaded after import = 13
========================================================================
Received Import Request.
  Time since last request: 0.000020 seconds.
  path: Assets/Imported Assets/Police Car & Helicopter/Models/Materials/car.mat
  artifactKey: Guid(e8affa65f53ec6b4cbb58a7a36ae678c) Importer(2089858483,0ecaa5967403d082aa24f35e1b516d23)
Start importing Assets/Imported Assets/Police Car & Helicopter/Models/Materials/car.mat using Guid(e8affa65f53ec6b4cbb58a7a36ae678c) Importer(2089858483,0ecaa5967403d082aa24f35e1b516d23) [PhysX] Initialized MultithreadedTaskDispatcher with 12 workers.
 -> (artifact id: 'd46be1a965334c38d2803ac385fd70a7') in 0.018079 seconds
Number of updated asset objects reloaded before import = 0
Number of asset objects unloaded after import = 2
========================================================================
Received Import Request.
  Time since last request: 0.000022 seconds.
  path: Assets/Imported Assets/WC/models/props/SM_ventilation.fbx
  artifactKey: Guid(7a2cdaba014bd6f4bb820464b6e0098b) Importer(2089858483,0ecaa5967403d082aa24f35e1b516d23)
Start importing Assets/Imported Assets/WC/models/props/SM_ventilation.fbx using Guid(7a2cdaba014bd6f4bb820464b6e0098b) Importer(2089858483,0ecaa5967403d082aa24f35e1b516d23) [PhysX] Initialized MultithreadedTaskDispatcher with 12 workers.
 -> (artifact id: '99d5e334da26bd4c1e50249bc07b9d54') in 0.025768 seconds
Number of updated asset objects reloaded before import = 0
Number of asset objects unloaded after import = 7
========================================================================
Received Import Request.
  Time since last request: 0.000021 seconds.
  path: Assets/Imported Assets/WC/DemoScene/0/sky.mat
  artifactKey: Guid(bf58e67cb1b07f84ba68bd33c079253e) Importer(2089858483,0ecaa5967403d082aa24f35e1b516d23)
Start importing Assets/Imported Assets/WC/DemoScene/0/sky.mat using Guid(bf58e67cb1b07f84ba68bd33c079253e) Importer(2089858483,0ecaa5967403d082aa24f35e1b516d23) [PhysX] Initialized MultithreadedTaskDispatcher with 12 workers.
 -> (artifact id: '944b6d062d29ff5b72c30f1c94c4fac6') in 0.016675 seconds
Number of updated asset objects reloaded before import = 0
Number of asset objects unloaded after import = 1
========================================================================
Received Import Request.
  Time since last request: 0.000025 seconds.
  path: Assets/Materials/SideRoomFloor.mat
  artifactKey: Guid(18d5f1a3d2816684ca2a8ee874d9d74f) Importer(2089858483,0ecaa5967403d082aa24f35e1b516d23)
Start importing Assets/Materials/SideRoomFloor.mat using Guid(18d5f1a3d2816684ca2a8ee874d9d74f) Importer(2089858483,0ecaa5967403d082aa24f35e1b516d23) [PhysX] Initialized MultithreadedTaskDispatcher with 12 workers.
 -> (artifact id: '6c39b5ac31e9b029a57f60e9c959e6a8') in 0.014629 seconds
Number of updated asset objects reloaded before import = 0
Number of asset objects unloaded after import = 2
========================================================================
Received Import Request.
  Time since last request: 0.000018 seconds.
  path: Assets/Imported Assets/WC/DemoScene/demo.unity
  artifactKey: Guid(6f08b06d4ab3def46ab2933c1f4deb53) Importer(2089858483,0ecaa5967403d082aa24f35e1b516d23)
Start importing Assets/Imported Assets/WC/DemoScene/demo.unity using Guid(6f08b06d4ab3def46ab2933c1f4deb53) Importer(2089858483,0ecaa5967403d082aa24f35e1b516d23) [PhysX] Initialized MultithreadedTaskDispatcher with 12 workers.
 -> (artifact id: '4f83e471f0e8508a3cc94555da759bea') in 0.012800 seconds
Number of updated asset objects reloaded before import = 0
Number of asset objects unloaded after import = 1
========================================================================
Received Import Request.
  Time since last request: 0.000025 seconds.
  path: Assets/TextMesh Pro/Shaders/TMP_Bitmap-Mobile.shader
  artifactKey: Guid(1e3b057af24249748ff873be7fafee47) Importer(2089858483,0ecaa5967403d082aa24f35e1b516d23)
Start importing Assets/TextMesh Pro/Shaders/TMP_Bitmap-Mobile.shader using Guid(1e3b057af24249748ff873be7fafee47) Importer(2089858483,0ecaa5967403d082aa24f35e1b516d23) [PhysX] Initialized MultithreadedTaskDispatcher with 12 workers.
 -> (artifact id: '2d6b351262fb99bcf0c10b9c9a42ecb4') in 0.016668 seconds
Number of updated asset objects reloaded before import = 0
Number of asset objects unloaded after import = 1
========================================================================
Received Import Request.
  Time since last request: 0.000021 seconds.
  path: Assets/TextMesh Pro/Resources/Sprite Assets/EmojiOne.asset
  artifactKey: Guid(c41005c129ba4d66911b75229fd70b45) Importer(2089858483,0ecaa5967403d082aa24f35e1b516d23)
Start importing Assets/TextMesh Pro/Resources/Sprite Assets/EmojiOne.asset using Guid(c41005c129ba4d66911b75229fd70b45) Importer(2089858483,0ecaa5967403d082aa24f35e1b516d23) [PhysX] Initialized MultithreadedTaskDispatcher with 12 workers.
 -> (artifact id: 'd1e739b35549db6ed4483ec23bf90691') in 0.021645 seconds
Number of updated asset objects reloaded before import = 0
Number of asset objects unloaded after import = 3
========================================================================
Received Import Request.
  Time since last request: 0.000025 seconds.
  path: Assets/Scripts/PlayerCharacter.cs
  artifactKey: Guid(478353cdcd31a8a4cbe2502f6deba24b) Importer(2089858483,0ecaa5967403d082aa24f35e1b516d23)
Start importing Assets/Scripts/PlayerCharacter.cs using Guid(478353cdcd31a8a4cbe2502f6deba24b) Importer(2089858483,0ecaa5967403d082aa24f35e1b516d23) [PhysX] Initialized MultithreadedTaskDispatcher with 12 workers.
 -> (artifact id: 'e8323f73b9e1f5b4b5230c12b3d78ae3') in 0.013130 seconds
Number of updated asset objects reloaded before import = 0
Number of asset objects unloaded after import = 1
========================================================================
Received Import Request.
  Time since last request: 0.000018 seconds.
  path: Assets/Textures/Skybox/clouds1_east.bmp
  artifactKey: Guid(e7da26ddb1363d94497c7606e97b6367) Importer(2089858483,0ecaa5967403d082aa24f35e1b516d23)
Start importing Assets/Textures/Skybox/clouds1_east.bmp using Guid(e7da26ddb1363d94497c7606e97b6367) Importer(2089858483,0ecaa5967403d082aa24f35e1b516d23) [PhysX] Initialized MultithreadedTaskDispatcher with 12 workers.
 -> (artifact id: '43fd97e3b49980ecdf034a1d87fd77ec') in 0.021221 seconds
Number of updated asset objects reloaded before import = 0
Number of asset objects unloaded after import = 1
========================================================================
Received Import Request.
  Time since last request: 0.000023 seconds.
  path: Assets/Imported Assets/Easy Primitive People/Prefab/SoccerPlayerRed.prefab
  artifactKey: Guid(16f2a6a6321bb894c984093ed7270f45) Importer(2089858483,0ecaa5967403d082aa24f35e1b516d23)
Start importing Assets/Imported Assets/Easy Primitive People/Prefab/SoccerPlayerRed.prefab using Guid(16f2a6a6321bb894c984093ed7270f45) Importer(2089858483,0ecaa5967403d082aa24f35e1b516d23) [PhysX] Initialized MultithreadedTaskDispatcher with 12 workers.
 -> (artifact id: '7511186740053780147864c4c694b6aa') in 0.031759 seconds
Number of updated asset objects reloaded before import = 0
Number of asset objects unloaded after import = 90
========================================================================
Received Import Request.
  Time since last request: 0.000021 seconds.
  path: Assets/Imported Assets/money pack/Textures/10000dol/10000dol.jpg
  artifactKey: Guid(32d1ec5e5cdd9ab4baee210262016ef9) Importer(2089858483,0ecaa5967403d082aa24f35e1b516d23)
Start importing Assets/Imported Assets/money pack/Textures/10000dol/10000dol.jpg using Guid(32d1ec5e5cdd9ab4baee210262016ef9) Importer(2089858483,0ecaa5967403d082aa24f35e1b516d23) [PhysX] Initialized MultithreadedTaskDispatcher with 12 workers.
 -> (artifact id: 'ab58160dd5837b18d4ea39ea2b13effb') in 0.020070 seconds
Number of updated asset objects reloaded before import = 0
Number of asset objects unloaded after import = 1
========================================================================
Received Import Request.
  Time since last request: 0.000034 seconds.
  path: Assets/Imported Assets/WC/Prefabs/props/SM_vantus Variant.prefab
  artifactKey: Guid(da37f8f4c3c39f14c80bc075b24b77dc) Importer(2089858483,0ecaa5967403d082aa24f35e1b516d23)
Start importing Assets/Imported Assets/WC/Prefabs/props/SM_vantus Variant.prefab using Guid(da37f8f4c3c39f14c80bc075b24b77dc) Importer(2089858483,0ecaa5967403d082aa24f35e1b516d23) [PhysX] Initialized MultithreadedTaskDispatcher with 12 workers.
 -> (artifact id: '1feb79fffe7b4295bfe6031fc90e1db5') in 0.017143 seconds
Number of updated asset objects reloaded before import = 0
Number of asset objects unloaded after import = 13
========================================================================
Received Import Request.
  Time since last request: 0.000019 seconds.
  path: Assets/Imported Assets/GeeKay3D/First-Aid-Set/Assets/Textures/green/FirstAidKit_green_AlbedoTransparency.png
  artifactKey: Guid(29a6f318db35bab4fa2fe9ed563317c8) Importer(2089858483,0ecaa5967403d082aa24f35e1b516d23)
Start importing Assets/Imported Assets/GeeKay3D/First-Aid-Set/Assets/Textures/green/FirstAidKit_green_AlbedoTransparency.png using Guid(29a6f318db35bab4fa2fe9ed563317c8) Importer(2089858483,0ecaa5967403d082aa24f35e1b516d23) [PhysX] Initialized MultithreadedTaskDispatcher with 12 workers.
 -> (artifact id: 'e7989c1fd0b9136bb8dbd093bd767d49') in 0.034312 seconds
Number of updated asset objects reloaded before import = 0
Number of asset objects unloaded after import = 1
========================================================================
Received Import Request.
  Time since last request: 0.000033 seconds.
  path: Assets/Imported Assets/GeeKay3D/First-Aid-Set/Assets/Textures/biohazard/FirstAidKit_biohazard_AmbientOcclusion.png
  artifactKey: Guid(5d1bbef610d3dfe4bb366ec9f11a6bda) Importer(2089858483,0ecaa5967403d082aa24f35e1b516d23)
Start importing Assets/Imported Assets/GeeKay3D/First-Aid-Set/Assets/Textures/biohazard/FirstAidKit_biohazard_AmbientOcclusion.png using Guid(5d1bbef610d3dfe4bb366ec9f11a6bda) Importer(2089858483,0ecaa5967403d082aa24f35e1b516d23) [PhysX] Initialized MultithreadedTaskDispatcher with 12 workers.
 -> (artifact id: '6afeedac97b5575949e323bf2b42cf66') in 0.022586 seconds
Number of updated asset objects reloaded before import = 0
Number of asset objects unloaded after import = 1
========================================================================
Received Import Request.
  Time since last request: 0.000021 seconds.
  path: Assets/Imported Assets/GeeKay3D/First-Aid-Set/Assets/Textures/red/FirstAidKit_red_AmbientOcclusion.png
  artifactKey: Guid(7e994e1535c6f9e498560b31fbff41cb) Importer(2089858483,0ecaa5967403d082aa24f35e1b516d23)
Start importing Assets/Imported Assets/GeeKay3D/First-Aid-Set/Assets/Textures/red/FirstAidKit_red_AmbientOcclusion.png using Guid(7e994e1535c6f9e498560b31fbff41cb) Importer(2089858483,0ecaa5967403d082aa24f35e1b516d23) [PhysX] Initialized MultithreadedTaskDispatcher with 12 workers.
 -> (artifact id: '67f20dbfcf3d7882f46b36f6ef9759ef') in 0.025252 seconds
Number of updated asset objects reloaded before import = 0
Number of asset objects unloaded after import = 1
========================================================================
Received Import Request.
  Time since last request: 0.000020 seconds.
  path: Assets/Imported Assets/GeeKay3D/First-Aid-Set/Assets/Textures/biohazard/FirstAidKit_biohazard_Normal.png
  artifactKey: Guid(38a0ed681d718f1478ab49b9cbb5fb2e) Importer(2089858483,0ecaa5967403d082aa24f35e1b516d23)
Start importing Assets/Imported Assets/GeeKay3D/First-Aid-Set/Assets/Textures/biohazard/FirstAidKit_biohazard_Normal.png using Guid(38a0ed681d718f1478ab49b9cbb5fb2e) Importer(2089858483,0ecaa5967403d082aa24f35e1b516d23) [PhysX] Initialized MultithreadedTaskDispatcher with 12 workers.
 -> (artifact id: '0473769f7004204632a573655c45ef3d') in 0.022113 seconds
Number of updated asset objects reloaded before import = 0
Number of asset objects unloaded after import = 1
========================================================================
Received Import Request.
  Time since last request: 0.000017 seconds.
  path: Assets/Imported Assets/GeeKay3D/First-Aid-Set/Assets/Textures/white/FirstAidKit_white_MetallicSmoothness.png
  artifactKey: Guid(6e44daf9429c1324d97da2f25cc2669a) Importer(2089858483,0ecaa5967403d082aa24f35e1b516d23)
Start importing Assets/Imported Assets/GeeKay3D/First-Aid-Set/Assets/Textures/white/FirstAidKit_white_MetallicSmoothness.png using Guid(6e44daf9429c1324d97da2f25cc2669a) Importer(2089858483,0ecaa5967403d082aa24f35e1b516d23) [PhysX] Initialized MultithreadedTaskDispatcher with 12 workers.
 -> (artifact id: '86b388467cef6485fc717ca01163a242') in 0.041544 seconds
Number of updated asset objects reloaded before import = 0
Number of asset objects unloaded after import = 1
========================================================================
Received Import Request.
  Time since last request: 0.000072 seconds.
  path: Assets/Imported Assets/WC/Prefabs/props/SM_ventilation Variant.prefab
  artifactKey: Guid(a766fb485cc0e024b8fc4be6ba08ff05) Importer(2089858483,0ecaa5967403d082aa24f35e1b516d23)
Start importing Assets/Imported Assets/WC/Prefabs/props/SM_ventilation Variant.prefab using Guid(a766fb485cc0e024b8fc4be6ba08ff05) Importer(2089858483,0ecaa5967403d082aa24f35e1b516d23) [PhysX] Initialized MultithreadedTaskDispatcher with 12 workers.
 -> (artifact id: '266b0086503c098624b9ffe999eb6f85') in 0.019935 seconds
Number of updated asset objects reloaded before import = 0
Number of asset objects unloaded after import = 13
========================================================================
Received Import Request.
  Time since last request: 0.000022 seconds.
  path: Assets/Imported Assets/GeeKay3D/First-Aid-Set/Assets/Prefabs/FirstAidKit_Red.prefab
  artifactKey: Guid(360690a7c06559a4f927c76899139848) Importer(2089858483,0ecaa5967403d082aa24f35e1b516d23)
Start importing Assets/Imported Assets/GeeKay3D/First-Aid-Set/Assets/Prefabs/FirstAidKit_Red.prefab using Guid(360690a7c06559a4f927c76899139848) Importer(2089858483,0ecaa5967403d082aa24f35e1b516d23) [PhysX] Initialized MultithreadedTaskDispatcher with 12 workers.
 -> (artifact id: '3f782bd11f66358d7cce7f21a44e6932') in 0.016050 seconds
Number of updated asset objects reloaded before import = 0
Number of asset objects unloaded after import = 8
========================================================================
Received Import Request.
  Time since last request: 0.000023 seconds.
  path: Assets/Imported Assets/WC/Prefabs/props/SM_toilet_cubicle Variant.prefab
  artifactKey: Guid(cee9ca60d51c8ea4fafe5af545ecbe85) Importer(2089858483,0ecaa5967403d082aa24f35e1b516d23)
Start importing Assets/Imported Assets/WC/Prefabs/props/SM_toilet_cubicle Variant.prefab using Guid(cee9ca60d51c8ea4fafe5af545ecbe85) Importer(2089858483,0ecaa5967403d082aa24f35e1b516d23) [PhysX] Initialized MultithreadedTaskDispatcher with 12 workers.
 -> (artifact id: '41e524a8eb7cfce7e767744b0af579e2') in 0.017083 seconds
Number of updated asset objects reloaded before import = 0
Number of asset objects unloaded after import = 22
========================================================================
Received Import Request.
  Time since last request: 0.000032 seconds.
  path: Assets/Imported Assets/GeeKay3D/First-Aid-Set/Assets/Materials/FirstAid_Green.mat
  artifactKey: Guid(e076833fec2df4e468280e3a779a4a1c) Importer(2089858483,0ecaa5967403d082aa24f35e1b516d23)
Start importing Assets/Imported Assets/GeeKay3D/First-Aid-Set/Assets/Materials/FirstAid_Green.mat using Guid(e076833fec2df4e468280e3a779a4a1c) Importer(2089858483,0ecaa5967403d082aa24f35e1b516d23) [PhysX] Initialized MultithreadedTaskDispatcher with 12 workers.
 -> (artifact id: '7c797c93540025f5a5980f3658270d94') in 0.083266 seconds
Number of updated asset objects reloaded before import = 0
Number of asset objects unloaded after import = 5
========================================================================
Received Import Request.
  Time since last request: 0.000033 seconds.
  path: Assets/Imported Assets/WC/Prefabs/props/SM_urinal Variant.prefab
  artifactKey: Guid(39686e9e6d2c7854982560e582f96338) Importer(2089858483,0ecaa5967403d082aa24f35e1b516d23)
Start importing Assets/Imported Assets/WC/Prefabs/props/SM_urinal Variant.prefab using Guid(39686e9e6d2c7854982560e582f96338) Importer(2089858483,0ecaa5967403d082aa24f35e1b516d23) [PhysX] Initialized MultithreadedTaskDispatcher with 12 workers.
 -> (artifact id: 'b70408c107ae75b8d0c8e63d2af171f7') in 0.015761 seconds
Number of updated asset objects reloaded before import = 0
Number of asset objects unloaded after import = 13
========================================================================
Received Import Request.
  Time since last request: 0.000023 seconds.
  path: Assets/Imported Assets/GeeKay3D/First-Aid-Set/Assets/Textures/white/FirstAidKit_white_Normal.png
  artifactKey: Guid(52661fd589ef37144817b36994f004da) Importer(2089858483,0ecaa5967403d082aa24f35e1b516d23)
Start importing Assets/Imported Assets/GeeKay3D/First-Aid-Set/Assets/Textures/white/FirstAidKit_white_Normal.png using Guid(52661fd589ef37144817b36994f004da) Importer(2089858483,0ecaa5967403d082aa24f35e1b516d23) [PhysX] Initialized MultithreadedTaskDispatcher with 12 workers.
 -> (artifact id: '230fa617dab0fdbccfa43d7e19e97d1e') in 0.043699 seconds
Number of updated asset objects reloaded before import = 0
Number of asset objects unloaded after import = 1
========================================================================
Received Import Request.
  Time since last request: 0.000017 seconds.
  path: Assets/Imported Assets/GeeKay3D/First-Aid-Set/Assets/Materials/FirstAid_White.mat
  artifactKey: Guid(715bfa887a89bdb4b96cc5727170cb4e) Importer(2089858483,0ecaa5967403d082aa24f35e1b516d23)
Start importing Assets/Imported Assets/GeeKay3D/First-Aid-Set/Assets/Materials/FirstAid_White.mat using Guid(715bfa887a89bdb4b96cc5727170cb4e) Importer(2089858483,0ecaa5967403d082aa24f35e1b516d23) [PhysX] Initialized MultithreadedTaskDispatcher with 12 workers.
 -> (artifact id: '941286740554343b7c82b86b563927ca') in 0.021439 seconds
Number of updated asset objects reloaded before import = 0
Number of asset objects unloaded after import = 5
========================================================================
Received Import Request.
  Time since last request: 0.000020 seconds.
  path: Assets/Imported Assets/GeeKay3D/First-Aid-Set/Assets/Textures/green/FirstAidKit_green_Normal.png
  artifactKey: Guid(535260f2c45ce5a4093a0fd9f7d62f10) Importer(2089858483,0ecaa5967403d082aa24f35e1b516d23)
Start importing Assets/Imported Assets/GeeKay3D/First-Aid-Set/Assets/Textures/green/FirstAidKit_green_Normal.png using Guid(535260f2c45ce5a4093a0fd9f7d62f10) Importer(2089858483,0ecaa5967403d082aa24f35e1b516d23) [PhysX] Initialized MultithreadedTaskDispatcher with 12 workers.
 -> (artifact id: '3678acc6927da49df1218c5445abf198') in 0.026730 seconds
Number of updated asset objects reloaded before import = 0
Number of asset objects unloaded after import = 1
========================================================================
Received Import Request.
  Time since last request: 0.000019 seconds.
  path: Assets/Scripts/MouseLook.cs
  artifactKey: Guid(4b7efa4c596887b4c9ce55a5fbcaed84) Importer(2089858483,0ecaa5967403d082aa24f35e1b516d23)
Start importing Assets/Scripts/MouseLook.cs using Guid(4b7efa4c596887b4c9ce55a5fbcaed84) Importer(2089858483,0ecaa5967403d082aa24f35e1b516d23) [PhysX] Initialized MultithreadedTaskDispatcher with 12 workers.
 -> (artifact id: 'e778492abd10047461be4b69911daa93') in 0.013184 seconds
Number of updated asset objects reloaded before import = 0
Number of asset objects unloaded after import = 1
========================================================================
Received Import Request.
  Time since last request: 0.000037 seconds.
  path: Assets/Imported Assets/money pack/Textures/100dol/100dol.jpg
  artifactKey: Guid(5713eb39d4c970d498829cb1bd939aaa) Importer(2089858483,0ecaa5967403d082aa24f35e1b516d23)
Start importing Assets/Imported Assets/money pack/Textures/100dol/100dol.jpg using Guid(5713eb39d4c970d498829cb1bd939aaa) Importer(2089858483,0ecaa5967403d082aa24f35e1b516d23) [PhysX] Initialized MultithreadedTaskDispatcher with 12 workers.
 -> (artifact id: '55f482ba481a8f860aa5e0cd78d8759e') in 0.018874 seconds
Number of updated asset objects reloaded before import = 0
Number of asset objects unloaded after import = 1
========================================================================
Received Import Request.
  Time since last request: 0.000019 seconds.
  path: Assets/Scripts/FireballShooter.cs
  artifactKey: Guid(2abf83d388fda694780c3d741857e717) Importer(2089858483,0ecaa5967403d082aa24f35e1b516d23)
Start importing Assets/Scripts/FireballShooter.cs using Guid(2abf83d388fda694780c3d741857e717) Importer(2089858483,0ecaa5967403d082aa24f35e1b516d23) [PhysX] Initialized MultithreadedTaskDispatcher with 12 workers.
 -> (artifact id: '7fa991bb964918dc6312ad6b0b86fada') in 0.015363 seconds
Number of updated asset objects reloaded before import = 0
Number of asset objects unloaded after import = 1
========================================================================
Received Import Request.
  Time since last request: 0.000019 seconds.
  path: Assets/Imported Assets/Easy Primitive People/PrimitivePeopleDemoScene6.unity
  artifactKey: Guid(cc69145b37e92c544b57ed01232bf56a) Importer(2089858483,0ecaa5967403d082aa24f35e1b516d23)
Start importing Assets/Imported Assets/Easy Primitive People/PrimitivePeopleDemoScene6.unity using Guid(cc69145b37e92c544b57ed01232bf56a) Importer(2089858483,0ecaa5967403d082aa24f35e1b516d23) [PhysX] Initialized MultithreadedTaskDispatcher with 12 workers.
 -> (artifact id: '56831079694092ff01c50ced87ee0df2') in 0.013075 seconds
Number of updated asset objects reloaded before import = 0
Number of asset objects unloaded after import = 1
========================================================================
Received Import Request.
  Time since last request: 0.000021 seconds.
  path: Assets/Imported Assets/Low Poly ATM/Materials/vertexcolorsstandard.shader
  artifactKey: Guid(0e5a2a1e0c4be6445ade8ef2556309a6) Importer(2089858483,0ecaa5967403d082aa24f35e1b516d23)
Start importing Assets/Imported Assets/Low Poly ATM/Materials/vertexcolorsstandard.shader using Guid(0e5a2a1e0c4be6445ade8ef2556309a6) Importer(2089858483,0ecaa5967403d082aa24f35e1b516d23) [PhysX] Initialized MultithreadedTaskDispatcher with 12 workers.
 -> (artifact id: '36dcbdb47bfe304364e4f6c01f93428e') in 0.011751 seconds
Number of updated asset objects reloaded before import = 0
Number of asset objects unloaded after import = 1
========================================================================
Received Import Request.
  Time since last request: 0.000020 seconds.
  path: Assets/Imported Assets/Easy Primitive People/Prefab/Wicket.prefab
  artifactKey: Guid(20452e1a22d5bdc4894c5517394f36c5) Importer(2089858483,0ecaa5967403d082aa24f35e1b516d23)
Start importing Assets/Imported Assets/Easy Primitive People/Prefab/Wicket.prefab using Guid(20452e1a22d5bdc4894c5517394f36c5) Importer(2089858483,0ecaa5967403d082aa24f35e1b516d23) [PhysX] Initialized MultithreadedTaskDispatcher with 12 workers.
 -> (artifact id: '1a76b7b453aeb6467589747f09600470') in 0.014153 seconds
Number of updated asset objects reloaded before import = 0
Number of asset objects unloaded after import = 75
========================================================================
Received Import Request.
  Time since last request: 0.000025 seconds.
  path: Assets/Imported Assets/WC/Prefabs/props/SM_trash_can Variant.prefab
  artifactKey: Guid(fc9805a5dd9c05e46a059cc00c0dd38b) Importer(2089858483,0ecaa5967403d082aa24f35e1b516d23)
Start importing Assets/Imported Assets/WC/Prefabs/props/SM_trash_can Variant.prefab using Guid(fc9805a5dd9c05e46a059cc00c0dd38b) Importer(2089858483,0ecaa5967403d082aa24f35e1b516d23) [PhysX] Initialized MultithreadedTaskDispatcher with 12 workers.
 -> (artifact id: 'c7a480bf9781f601eb4ddc60a9808186') in 0.019978 seconds
Number of updated asset objects reloaded before import = 0
Number of asset objects unloaded after import = 13
========================================================================
Received Import Request.
  Time since last request: 0.000028 seconds.
  path: Assets/Imported Assets/Easy Primitive People/PrimitivePeopleDemoScene5.unity
  artifactKey: Guid(b8ddf751ce53ea84f9d87acdfb83327f) Importer(2089858483,0ecaa5967403d082aa24f35e1b516d23)
Start importing Assets/Imported Assets/Easy Primitive People/PrimitivePeopleDemoScene5.unity using Guid(b8ddf751ce53ea84f9d87acdfb83327f) Importer(2089858483,0ecaa5967403d082aa24f35e1b516d23) [PhysX] Initialized MultithreadedTaskDispatcher with 12 workers.
 -> (artifact id: 'c10bd743e8624d6fd8993e4faf7d2040') in 0.010815 seconds
Number of updated asset objects reloaded before import = 0
Number of asset objects unloaded after import = 1
========================================================================
Received Import Request.
  Time since last request: 0.000019 seconds.
  path: Assets/Imported Assets/Easy Primitive People/Materials/Dark Grey.mat
  artifactKey: Guid(3f4e7dbaeaf9a6345adaa2a628039b57) Importer(2089858483,0ecaa5967403d082aa24f35e1b516d23)
Start importing Assets/Imported Assets/Easy Primitive People/Materials/Dark Grey.mat using Guid(3f4e7dbaeaf9a6345adaa2a628039b57) Importer(2089858483,0ecaa5967403d082aa24f35e1b516d23) [PhysX] Initialized MultithreadedTaskDispatcher with 12 workers.
 -> (artifact id: 'eee18ea34afb1ebf3fb3e1c31dbff28d') in 0.012315 seconds
Number of updated asset objects reloaded before import = 0
Number of asset objects unloaded after import = 1
========================================================================
Received Import Request.
  Time since last request: 0.000019 seconds.
  path: Assets/Imported Assets/WC/Prefabs/props/SM_sign_1 Variant.prefab
  artifactKey: Guid(555834eb57bfc484bafbfedca6115508) Importer(2089858483,0ecaa5967403d082aa24f35e1b516d23)
Start importing Assets/Imported Assets/WC/Prefabs/props/SM_sign_1 Variant.prefab using Guid(555834eb57bfc484bafbfedca6115508) Importer(2089858483,0ecaa5967403d082aa24f35e1b516d23) [PhysX] Initialized MultithreadedTaskDispatcher with 12 workers.
 -> (artifact id: 'e735c5b32e528bc35d99bf4d955eb29b') in 0.028182 seconds
Number of updated asset objects reloaded before import = 0
Number of asset objects unloaded after import = 13
========================================================================
Received Import Request.
  Time since last request: 0.000021 seconds.
  path: Assets/Imported Assets/Easy Primitive People/Prefab/Cloud2.prefab
  artifactKey: Guid(cefd7ff7c57d0884f81f476039c5b9dd) Importer(2089858483,0ecaa5967403d082aa24f35e1b516d23)
Start importing Assets/Imported Assets/Easy Primitive People/Prefab/Cloud2.prefab using Guid(cefd7ff7c57d0884f81f476039c5b9dd) Importer(2089858483,0ecaa5967403d082aa24f35e1b516d23) [PhysX] Initialized MultithreadedTaskDispatcher with 12 workers.
 -> (artifact id: '81036afbcc2e2a78c841fcf07528a106') in 0.021661 seconds
Number of updated asset objects reloaded before import = 0
Number of asset objects unloaded after import = 29
========================================================================
Received Import Request.
  Time since last request: 0.000021 seconds.
  path: Assets/TextMesh Pro/Shaders/TMPro_Properties.cginc
  artifactKey: Guid(3997e2241185407d80309a82f9148466) Importer(2089858483,0ecaa5967403d082aa24f35e1b516d23)
Start importing Assets/TextMesh Pro/Shaders/TMPro_Properties.cginc using Guid(3997e2241185407d80309a82f9148466) Importer(2089858483,0ecaa5967403d082aa24f35e1b516d23) [PhysX] Initialized MultithreadedTaskDispatcher with 12 workers.
 -> (artifact id: '353def0d94423135c49df7d7868fd0d4') in 0.022127 seconds
Number of updated asset objects reloaded before import = 0
Number of asset objects unloaded after import = 1
========================================================================
Received Import Request.
  Time since last request: 0.000018 seconds.
  path: Assets/Imported Assets/Easy Primitive People/Prefab/Pumpkin.prefab
  artifactKey: Guid(2ac08407a791dcf4f9f7dab45c4de857) Importer(2089858483,0ecaa5967403d082aa24f35e1b516d23)
Start importing Assets/Imported Assets/Easy Primitive People/Prefab/Pumpkin.prefab using Guid(2ac08407a791dcf4f9f7dab45c4de857) Importer(2089858483,0ecaa5967403d082aa24f35e1b516d23) [PhysX] Initialized MultithreadedTaskDispatcher with 12 workers.
 -> (artifact id: '52d6e571e9c5395aad03699c130b8dcb') in 0.019048 seconds
Number of updated asset objects reloaded before import = 0
Number of asset objects unloaded after import = 77
========================================================================
Received Import Request.
  Time since last request: 0.000020 seconds.
  path: Assets/Imported Assets/Police Car & Helicopter/Models/Materials/plane.mat
  artifactKey: Guid(3b4a2c656021f4b4f9648f7a40d78171) Importer(2089858483,0ecaa5967403d082aa24f35e1b516d23)
Start importing Assets/Imported Assets/Police Car & Helicopter/Models/Materials/plane.mat using Guid(3b4a2c656021f4b4f9648f7a40d78171) Importer(2089858483,0ecaa5967403d082aa24f35e1b516d23) [PhysX] Initialized MultithreadedTaskDispatcher with 12 workers.
 -> (artifact id: '9eef1513c96a935782c043e86e456204') in 0.012775 seconds
Number of updated asset objects reloaded before import = 0
Number of asset objects unloaded after import = 1
========================================================================
Received Import Request.
  Time since last request: 0.000025 seconds.
  path: Assets/Scripts/SceneController.cs
  artifactKey: Guid(692c93dc1120d4f47907689a84c2f563) Importer(2089858483,0ecaa5967403d082aa24f35e1b516d23)
Start importing Assets/Scripts/SceneController.cs using Guid(692c93dc1120d4f47907689a84c2f563) Importer(2089858483,0ecaa5967403d082aa24f35e1b516d23) [PhysX] Initialized MultithreadedTaskDispatcher with 12 workers.
 -> (artifact id: 'a09c906502f000af0fc83108a5734480') in 0.013255 seconds
Number of updated asset objects reloaded before import = 0
Number of asset objects unloaded after import = 1
========================================================================
Received Import Request.
  Time since last request: 0.000023 seconds.
  path: Assets/Imported Assets/GeeKay3D/First-Aid-Set/Assets/Textures/green/FirstAidKit_green_MetallicSmoothness.png
  artifactKey: Guid(255d643c34228b34abca2c90ed911646) Importer(2089858483,0ecaa5967403d082aa24f35e1b516d23)
Start importing Assets/Imported Assets/GeeKay3D/First-Aid-Set/Assets/Textures/green/FirstAidKit_green_MetallicSmoothness.png using Guid(255d643c34228b34abca2c90ed911646) Importer(2089858483,0ecaa5967403d082aa24f35e1b516d23) [PhysX] Initialized MultithreadedTaskDispatcher with 12 workers.
 -> (artifact id: 'd268b3ac93610f82294cb520638e905c') in 0.024599 seconds
Number of updated asset objects reloaded before import = 0
Number of asset objects unloaded after import = 1
========================================================================
Received Import Request.
  Time since last request: 0.000025 seconds.
  path: Assets/TextMesh Pro/Shaders/TMP_SDF.shader
  artifactKey: Guid(68e6db2ebdc24f95958faec2be5558d6) Importer(2089858483,0ecaa5967403d082aa24f35e1b516d23)
Start importing Assets/TextMesh Pro/Shaders/TMP_SDF.shader using Guid(68e6db2ebdc24f95958faec2be5558d6) Importer(2089858483,0ecaa5967403d082aa24f35e1b516d23) [PhysX] Initialized MultithreadedTaskDispatcher with 12 workers.
 -> (artifact id: '63c9aa9e8cf4d172f64361c2dafe2942') in 0.012529 seconds
Number of updated asset objects reloaded before import = 0
Number of asset objects unloaded after import = 1
========================================================================
Received Import Request.
  Time since last request: 0.000022 seconds.
  path: Assets/Imported Assets/Low Poly ATM/Models/ATM3.FBX
  artifactKey: Guid(fa2633cfd33768040a9d5354214ea076) Importer(2089858483,0ecaa5967403d082aa24f35e1b516d23)
Start importing Assets/Imported Assets/Low Poly ATM/Models/ATM3.FBX using Guid(fa2633cfd33768040a9d5354214ea076) Importer(2089858483,0ecaa5967403d082aa24f35e1b516d23) [PhysX] Initialized MultithreadedTaskDispatcher with 12 workers.
 -> (artifact id: '7af7748c476ddeb9bd71924343233d07') in 0.026235 seconds
Number of updated asset objects reloaded before import = 0
Number of asset objects unloaded after import = 8
========================================================================
Received Import Request.
  Time since last request: 0.000028 seconds.
  path: Assets/Imported Assets/Easy Primitive People/Prefab/Devil.prefab
  artifactKey: Guid(eee0e99b6d63fc746bddfbace23276e5) Importer(2089858483,0ecaa5967403d082aa24f35e1b516d23)
Start importing Assets/Imported Assets/Easy Primitive People/Prefab/Devil.prefab using Guid(eee0e99b6d63fc746bddfbace23276e5) Importer(2089858483,0ecaa5967403d082aa24f35e1b516d23) [PhysX] Initialized MultithreadedTaskDispatcher with 12 workers.
 -> (artifact id: '211ff284d8a9368cb1859aa7922ebe6f') in 0.020538 seconds
Number of updated asset objects reloaded before import = 0
Number of asset objects unloaded after import = 101
========================================================================
Received Import Request.
  Time since last request: 0.000023 seconds.
  path: Assets/Imported Assets/Easy Primitive People/Materials/Police Blue.mat
  artifactKey: Guid(fd8d6416bc9f1794cae0e723294a4f44) Importer(2089858483,0ecaa5967403d082aa24f35e1b516d23)
Start importing Assets/Imported Assets/Easy Primitive People/Materials/Police Blue.mat using Guid(fd8d6416bc9f1794cae0e723294a4f44) Importer(2089858483,0ecaa5967403d082aa24f35e1b516d23) [PhysX] Initialized MultithreadedTaskDispatcher with 12 workers.
 -> (artifact id: '7cde09fa70282f891f6f3260633f2d61') in 0.013314 seconds
Number of updated asset objects reloaded before import = 0
Number of asset objects unloaded after import = 1
========================================================================
Received Import Request.
  Time since last request: 0.000020 seconds.
  path: Assets/TextMesh Pro/Shaders/TMP_SDF-Surface-Mobile.shader
  artifactKey: Guid(85187c2149c549c5b33f0cdb02836b17) Importer(2089858483,0ecaa5967403d082aa24f35e1b516d23)
Start importing Assets/TextMesh Pro/Shaders/TMP_SDF-Surface-Mobile.shader using Guid(85187c2149c549c5b33f0cdb02836b17) Importer(2089858483,0ecaa5967403d082aa24f35e1b516d23) [PhysX] Initialized MultithreadedTaskDispatcher with 12 workers.
 -> (artifact id: 'f717d676cb1d5a0f5a7c06926f82e0d1') in 0.016341 seconds
Number of updated asset objects reloaded before import = 0
Number of asset objects unloaded after import = 1
========================================================================
Received Import Request.
  Time since last request: 0.000028 seconds.
  path: Assets/Imported Assets/Low Poly ATM/Models/ATM1.FBX
  artifactKey: Guid(3d55057796203024ca0deaad7fd6a70c) Importer(2089858483,0ecaa5967403d082aa24f35e1b516d23)
Start importing Assets/Imported Assets/Low Poly ATM/Models/ATM1.FBX using Guid(3d55057796203024ca0deaad7fd6a70c) Importer(2089858483,0ecaa5967403d082aa24f35e1b516d23) [PhysX] Initialized MultithreadedTaskDispatcher with 12 workers.
 -> (artifact id: '1d3f12a04da27cc3123d58e243c4f618') in 0.021968 seconds
Number of updated asset objects reloaded before import = 0
Number of asset objects unloaded after import = 8
========================================================================
Received Import Request.
  Time since last request: 0.000017 seconds.
  path: Assets/Imported Assets/Low Poly ATM/Materials/Decals/banner.png
  artifactKey: Guid(8da67feae01bc2643ac1496b9c4f344e) Importer(2089858483,0ecaa5967403d082aa24f35e1b516d23)
Start importing Assets/Imported Assets/Low Poly ATM/Materials/Decals/banner.png using Guid(8da67feae01bc2643ac1496b9c4f344e) Importer(2089858483,0ecaa5967403d082aa24f35e1b516d23) [PhysX] Initialized MultithreadedTaskDispatcher with 12 workers.
 -> (artifact id: '9675df7d40f5278471649ae1c27a0b01') in 0.030024 seconds
Number of updated asset objects reloaded before import = 0
Number of asset objects unloaded after import = 3
========================================================================
Received Import Request.
  Time since last request: 0.000025 seconds.
  path: Assets/Imported Assets/WC/Prefabs/props/SM_mirror.prefab
  artifactKey: Guid(312dd4f91c36a7c45bb456ed125df66d) Importer(2089858483,0ecaa5967403d082aa24f35e1b516d23)
Start importing Assets/Imported Assets/WC/Prefabs/props/SM_mirror.prefab using Guid(312dd4f91c36a7c45bb456ed125df66d) Importer(2089858483,0ecaa5967403d082aa24f35e1b516d23) [PhysX] Initialized MultithreadedTaskDispatcher with 12 workers.
 -> (artifact id: '0fcb5979cfecc652d23b25f89c5ed8b8') in 0.017304 seconds
Number of updated asset objects reloaded before import = 0
Number of asset objects unloaded after import = 17
========================================================================
Received Import Request.
  Time since last request: 0.000024 seconds.
  path: Assets/Imported Assets/Low Poly ATM/Materials/ground.mat
  artifactKey: Guid(38056096a6ebe3541a3a57e72c28525d) Importer(2089858483,0ecaa5967403d082aa24f35e1b516d23)
Start importing Assets/Imported Assets/Low Poly ATM/Materials/ground.mat using Guid(38056096a6ebe3541a3a57e72c28525d) Importer(2089858483,0ecaa5967403d082aa24f35e1b516d23) [PhysX] Initialized MultithreadedTaskDispatcher with 12 workers.
 -> (artifact id: '6035c025a46d5584b6fabd41ff135584') in 0.013047 seconds
Number of updated asset objects reloaded before import = 0
Number of asset objects unloaded after import = 1
